task	family	train	split	depth_bin	n_proteins	n_sites	depth_median	pos_rate	d_pct
phosphorylation_st	ppi	replica	0	0	285	13996	1.0	0.028222349242640755	0.06434237114904237
phosphorylation_st	ppi	replica	0	1	268	14499	4.0	0.06593558176425961	0.035918900572491336
phosphorylation_st	ppi	replica	0	2	248	15710	8.0	0.11514958625079567	0.020334833282448443
phosphorylation_st	ppi	replica	0	3	267	23838	15.0	0.15932544676566826	-0.014204881316864482
phosphorylation_st	ppi	replica	0	4	275	41024	38.0	0.2907566302652106	-0.03417921792215285
phosphorylation_st	ppi	replica	1	0	285	15464	1.0	0.025672529746508018	0.030853489069402752
phosphorylation_st	ppi	replica	1	1	259	15006	4.0	0.0625083300013328	0.037764860828521825
phosphorylation_st	ppi	replica	1	2	227	15359	8.0	0.1064522429845693	0.0047967090052593335
phosphorylation_st	ppi	replica	1	3	245	19864	15.0	0.1750402738622634	-0.011199620343921978
phosphorylation_st	ppi	replica	1	4	234	38840	38.0	0.27888774459320287	-0.023043801536100788
phosphorylation_st	ppi	replica	2	0	297	14180	1.0	0.028913963328631876	0.03835505939764115
phosphorylation_st	ppi	replica	2	1	281	14637	4.0	0.07105281136844982	0.03970640791567485
phosphorylation_st	ppi	replica	2	2	254	17873	8.0	0.1044592401947071	0.02410062570722408
phosphorylation_st	ppi	replica	2	3	238	20933	15.0	0.1604165671427889	-0.0072457523156199645
phosphorylation_st	ppi	replica	2	4	258	41013	38.0	0.2905176407480555	-0.03423628081248939
phosphorylation_st	ppi	rebuilt	0	0	285	13996	1.0	0.028222349242640755	-0.025528814139596404
phosphorylation_st	ppi	rebuilt	0	1	268	14499	4.0	0.06593558176425961	-0.02385566882882945
phosphorylation_st	ppi	rebuilt	0	2	248	15710	8.0	0.11514958625079567	-0.00832934073769394
phosphorylation_st	ppi	rebuilt	0	3	267	23838	15.0	0.15932544676566826	0.0019033551256818532
phosphorylation_st	ppi	rebuilt	0	4	275	41024	38.0	0.2907566302652106	0.019224512201398137
phosphorylation_st	ppi	rebuilt	1	0	285	15464	1.0	0.025672529746508018	-0.03793690784874757
phosphorylation_st	ppi	rebuilt	1	1	259	15006	4.0	0.0625083300013328	-0.01827761046385498
phosphorylation_st	ppi	rebuilt	1	2	227	15359	8.0	0.1064522429845693	-0.011836910296210285
phosphorylation_st	ppi	rebuilt	1	3	245	19864	15.0	0.1750402738622634	0.0005595355680448683
phosphorylation_st	ppi	rebuilt	1	4	234	38840	38.0	0.27888774459320287	0.026560727505393684
phosphorylation_st	ppi	rebuilt	2	0	297	14180	1.0	0.028913963328631876	-0.03377912139507973
phosphorylation_st	ppi	rebuilt	2	1	281	14637	4.0	0.07105281136844982	-0.012442141467159292
phosphorylation_st	ppi	rebuilt	2	2	254	17873	8.0	0.1044592401947071	-0.004253488155288824
phosphorylation_st	ppi	rebuilt	2	3	238	20933	15.0	0.1604165671427889	0.008861551329052659
phosphorylation_st	ppi	rebuilt	2	4	258	41013	38.0	0.2905176407480555	0.013450059880171141
phosphorylation_st	esm	replica	0	0	285	13996	1.0	0.028222349242640755	0.1630809335367331
phosphorylation_st	esm	replica	0	1	268	14499	4.0	0.06593558176425961	0.09128102260919208
phosphorylation_st	esm	replica	0	2	248	15710	8.0	0.11514958625079567	0.0289605148540228
phosphorylation_st	esm	replica	0	3	267	23838	15.0	0.15932544676566826	-0.0361250091735801
phosphorylation_st	esm	replica	0	4	275	41024	38.0	0.2907566302652106	-0.07799790396518352
phosphorylation_st	esm	replica	1	0	285	15464	1.0	0.025672529746508018	0.15993119979206016
phosphorylation_st	esm	replica	1	1	259	15006	4.0	0.0625083300013328	0.08806043174457232
phosphorylation_st	esm	replica	1	2	227	15359	8.0	0.1064522429845693	0.021883633426623368
phosphorylation_st	esm	replica	1	3	245	19864	15.0	0.1750402738622634	-0.04301197190477677
phosphorylation_st	esm	replica	1	4	234	38840	38.0	0.27888774459320287	-0.08435457848162957
phosphorylation_st	esm	replica	2	0	297	14180	1.0	0.028913963328631876	0.1284345937061543
phosphorylation_st	esm	replica	2	1	281	14637	4.0	0.07105281136844982	0.0749062304768412
phosphorylation_st	esm	replica	2	2	254	17873	8.0	0.1044592401947071	0.016268135618020475
phosphorylation_st	esm	replica	2	3	238	20933	15.0	0.1604165671427889	-0.033657795862134486
phosphorylation_st	esm	replica	2	4	258	41013	38.0	0.2905176407480555	-0.0610491010499503
phosphorylation_st	esm	rebuilt	0	0	285	13996	1.0	0.028222349242640755	-0.0313027869528811
phosphorylation_st	esm	rebuilt	0	1	268	14499	4.0	0.06593558176425961	-0.007268016970781297
phosphorylation_st	esm	rebuilt	0	2	248	15710	8.0	0.11514958625079567	-0.0012736770628968318
phosphorylation_st	esm	rebuilt	0	3	267	23838	15.0	0.15932544676566826	-0.005380701898935907
phosphorylation_st	esm	rebuilt	0	4	275	41024	38.0	0.2907566302652106	0.01686250543040233
phosphorylation_st	esm	rebuilt	1	0	285	15464	1.0	0.025672529746508018	-0.05601700127231559
phosphorylation_st	esm	rebuilt	1	1	259	15006	4.0	0.0625083300013328	-0.034223924070721334
phosphorylation_st	esm	rebuilt	1	2	227	15359	8.0	0.1064522429845693	0.0029328666827955407
phosphorylation_st	esm	rebuilt	1	3	245	19864	15.0	0.1750402738622634	0.020665646694462064
phosphorylation_st	esm	rebuilt	1	4	234	38840	38.0	0.27888774459320287	0.023796673711649882
phosphorylation_st	esm	rebuilt	2	0	297	14180	1.0	0.028913963328631876	-0.033608966533132396
phosphorylation_st	esm	rebuilt	2	1	281	14637	4.0	0.07105281136844982	-0.006115794675644126
phosphorylation_st	esm	rebuilt	2	2	254	17873	8.0	0.1044592401947071	-0.009582048120539186
phosphorylation_st	esm	rebuilt	2	3	238	20933	15.0	0.1604165671427889	-0.00272176379425835
phosphorylation_st	esm	rebuilt	2	4	258	41013	38.0	0.2905176407480555	0.01936767999587514
phosphorylation_st	prott5	replica	0	0	285	13996	1.0	0.028222349242640755	0.162801914200514
phosphorylation_st	prott5	replica	0	1	268	14499	4.0	0.06593558176425961	0.09353951783171012
phosphorylation_st	prott5	replica	0	2	248	15710	8.0	0.11514958625079567	0.029846424324568986
phosphorylation_st	prott5	replica	0	3	267	23838	15.0	0.15932544676566826	-0.038628238147232395
phosphorylation_st	prott5	replica	0	4	275	41024	38.0	0.2907566302652106	-0.0775856192808505
phosphorylation_st	prott5	replica	1	0	285	15464	1.0	0.025672529746508018	0.16458076728260757
phosphorylation_st	prott5	replica	1	1	259	15006	4.0	0.0625083300013328	0.10331365876794764
phosphorylation_st	prott5	replica	1	2	227	15359	8.0	0.1064522429845693	0.026866172296261412
phosphorylation_st	prott5	replica	1	3	245	19864	15.0	0.1750402738622634	-0.04414689899832921
phosphorylation_st	prott5	replica	1	4	234	38840	38.0	0.27888774459320287	-0.093488807603644
phosphorylation_st	prott5	replica	2	0	297	14180	1.0	0.028913963328631876	0.1656695440437966
phosphorylation_st	prott5	replica	2	1	281	14637	4.0	0.07105281136844982	0.10372382912351985
phosphorylation_st	prott5	replica	2	2	254	17873	8.0	0.1044592401947071	0.027994658214693543
phosphorylation_st	prott5	replica	2	3	238	20933	15.0	0.1604165671427889	-0.044563212771367655
phosphorylation_st	prott5	replica	2	4	258	41013	38.0	0.2905176407480555	-0.08375165471314401
phosphorylation_st	prott5	rebuilt	0	0	285	13996	1.0	0.028222349242640755	-0.04195745681603982
phosphorylation_st	prott5	rebuilt	0	1	268	14499	4.0	0.06593558176425961	-0.022755964255285935
phosphorylation_st	prott5	rebuilt	0	2	248	15710	8.0	0.11514958625079567	-0.004309020406794258
phosphorylation_st	prott5	rebuilt	0	3	267	23838	15.0	0.15932544676566826	-0.004819768962392477
phosphorylation_st	prott5	rebuilt	0	4	275	41024	38.0	0.2907566302652106	0.026807811389697102
phosphorylation_st	prott5	rebuilt	1	0	285	15464	1.0	0.025672529746508018	-0.051870926729430444
phosphorylation_st	prott5	rebuilt	1	1	259	15006	4.0	0.0625083300013328	-0.02771451950344005
phosphorylation_st	prott5	rebuilt	1	2	227	15359	8.0	0.1064522429845693	-0.010924908041781369
phosphorylation_st	prott5	rebuilt	1	3	245	19864	15.0	0.1750402738622634	0.014914858179874242
phosphorylation_st	prott5	rebuilt	1	4	234	38840	38.0	0.27888774459320287	0.02805208574513985
phosphorylation_st	prott5	rebuilt	2	0	297	14180	1.0	0.028913963328631876	-0.048584506477578025
phosphorylation_st	prott5	rebuilt	2	1	281	14637	4.0	0.07105281136844982	-0.016070055360339532
phosphorylation_st	prott5	rebuilt	2	2	254	17873	8.0	0.1044592401947071	-0.016815964952486308
phosphorylation_st	prott5	rebuilt	2	3	238	20933	15.0	0.1604165671427889	-0.006146237623114698
phosphorylation_st	prott5	rebuilt	2	4	258	41013	38.0	0.2905176407480555	0.032998235581932406
phosphorylation_y	ppi	replica	0	0	109	1060	4.0	0.12641509433962264	0.038907019621564884
phosphorylation_y	ppi	replica	0	1	97	1133	9.0	0.14033539276257723	0.0629621911957826
phosphorylation_y	ppi	replica	0	2	101	1389	17.0	0.16558675305975523	0.012631394623950767
phosphorylation_y	ppi	replica	0	3	91	1459	28.0	0.1912268677176148	-0.01569661083402835
phosphorylation_y	ppi	replica	0	4	102	1969	58.5	0.17673946165566276	-0.054454675139411234
phosphorylation_y	ppi	replica	1	0	88	823	4.0	0.1385176184690158	0.040353628911610845
phosphorylation_y	ppi	replica	1	1	93	1219	9.0	0.13125512715340443	0.01887480159658017
phosphorylation_y	ppi	replica	1	2	110	1401	17.0	0.17416131334760884	0.006797469035457668
phosphorylation_y	ppi	replica	1	3	88	1355	28.0	0.2118081180811808	0.031948542841602784
phosphorylation_y	ppi	replica	1	4	90	2061	58.5	0.18098010674429887	-0.05290293518172485
phosphorylation_y	ppi	replica	2	0	106	858	4.0	0.16083916083916083	0.06675553715722848
phosphorylation_y	ppi	replica	2	1	118	1341	9.0	0.14392244593586875	0.05393606214583271
phosphorylation_y	ppi	replica	2	2	89	1318	17.0	0.1456752655538695	0.0171353225946161
phosphorylation_y	ppi	replica	2	3	86	1536	28.0	0.13932291666666666	-0.03412756746241485
phosphorylation_y	ppi	replica	2	4	94	2042	58.5	0.19980411361410383	-0.048858433778598685
phosphorylation_y	ppi	rebuilt	0	0	109	1060	4.0	0.12641509433962264	-0.0023268645869781728
phosphorylation_y	ppi	rebuilt	0	1	97	1133	9.0	0.14033539276257723	0.027852783754893088
phosphorylation_y	ppi	rebuilt	0	2	101	1389	17.0	0.16558675305975523	0.01669783678361366
phosphorylation_y	ppi	rebuilt	0	3	91	1459	28.0	0.1912268677176148	-0.0021163832339778964
phosphorylation_y	ppi	rebuilt	0	4	102	1969	58.5	0.17673946165566276	-0.02498538328398305
phosphorylation_y	ppi	rebuilt	1	0	88	823	4.0	0.1385176184690158	-0.00047777157558507715
phosphorylation_y	ppi	rebuilt	1	1	93	1219	9.0	0.13125512715340443	0.006229009244095378
phosphorylation_y	ppi	rebuilt	1	2	110	1401	17.0	0.17416131334760884	0.00020885671087207065
phosphorylation_y	ppi	rebuilt	1	3	88	1355	28.0	0.2118081180811808	0.017370772045670592
phosphorylation_y	ppi	rebuilt	1	4	90	2061	58.5	0.18098010674429887	-0.015055779056604159
phosphorylation_y	ppi	rebuilt	2	0	106	858	4.0	0.16083916083916083	0.040669666251061595
phosphorylation_y	ppi	rebuilt	2	1	118	1341	9.0	0.14392244593586875	0.018566918863469513
phosphorylation_y	ppi	rebuilt	2	2	89	1318	17.0	0.1456752655538695	0.0030396066391408178
phosphorylation_y	ppi	rebuilt	2	3	86	1536	28.0	0.13932291666666666	-0.03195462987432464
phosphorylation_y	ppi	rebuilt	2	4	94	2042	58.5	0.19980411361410383	-0.007207003870102065
phosphorylation_y	esm	replica	0	0	109	1060	4.0	0.12641509433962264	0.119740868839663
phosphorylation_y	esm	replica	0	1	97	1133	9.0	0.14033539276257723	0.09181612952370401
phosphorylation_y	esm	replica	0	2	101	1389	17.0	0.16558675305975523	0.005670342378315868
phosphorylation_y	esm	replica	0	3	91	1459	28.0	0.1912268677176148	-0.035320784270781294
phosphorylation_y	esm	replica	0	4	102	1969	58.5	0.17673946165566276	-0.09512243627872538
phosphorylation_y	esm	replica	1	0	88	823	4.0	0.1385176184690158	0.14231561019862507
phosphorylation_y	esm	replica	1	1	93	1219	9.0	0.13125512715340443	0.05562280464545365
phosphorylation_y	esm	replica	1	2	110	1401	17.0	0.17416131334760884	0.022507718696754934
phosphorylation_y	esm	replica	1	3	88	1355	28.0	0.2118081180811808	-0.00843054268128335
phosphorylation_y	esm	replica	1	4	90	2061	58.5	0.18098010674429887	-0.09948562572406168
phosphorylation_y	esm	replica	2	0	106	858	4.0	0.16083916083916083	0.1801135439613241
phosphorylation_y	esm	replica	2	1	118	1341	9.0	0.14392244593586875	0.08101786818815068
phosphorylation_y	esm	replica	2	2	89	1318	17.0	0.1456752655538695	-0.018185507543943512
phosphorylation_y	esm	replica	2	3	86	1536	28.0	0.13932291666666666	-0.05161310598719756
phosphorylation_y	esm	replica	2	4	94	2042	58.5	0.19980411361410383	-0.07832328708123074
phosphorylation_y	esm	rebuilt	0	0	109	1060	4.0	0.12641509433962264	0.022198409280542626
phosphorylation_y	esm	rebuilt	0	1	97	1133	9.0	0.14033539276257723	0.039393100009694884
phosphorylation_y	esm	rebuilt	0	2	101	1389	17.0	0.16558675305975523	0.00939617269990726
phosphorylation_y	esm	rebuilt	0	3	91	1459	28.0	0.1912268677176148	-0.0035405212762732946
phosphorylation_y	esm	rebuilt	0	4	102	1969	58.5	0.17673946165566276	-0.03862283366503196
phosphorylation_y	esm	rebuilt	1	0	88	823	4.0	0.1385176184690158	0.04601230797683667
phosphorylation_y	esm	rebuilt	1	1	93	1219	9.0	0.13125512715340443	0.03506545354384897
phosphorylation_y	esm	rebuilt	1	2	110	1401	17.0	0.17416131334760884	0.033712928063900374
phosphorylation_y	esm	rebuilt	1	3	88	1355	28.0	0.2118081180811808	-7.795397971474957e-05
phosphorylation_y	esm	rebuilt	1	4	90	2061	58.5	0.18098010674429887	-0.0619791857884034
phosphorylation_y	esm	rebuilt	2	0	106	858	4.0	0.16083916083916083	0.0866442929867877
phosphorylation_y	esm	rebuilt	2	1	118	1341	9.0	0.14392244593586875	0.02233468339290097
phosphorylation_y	esm	rebuilt	2	2	89	1318	17.0	0.1456752655538695	-0.016517969332311006
phosphorylation_y	esm	rebuilt	2	3	86	1536	28.0	0.13932291666666666	-0.025924304821470522
phosphorylation_y	esm	rebuilt	2	4	94	2042	58.5	0.19980411361410383	-0.020911458387257307
phosphorylation_y	prott5	replica	0	0	109	1060	4.0	0.12641509433962264	0.14028402820768177
phosphorylation_y	prott5	replica	0	1	97	1133	9.0	0.14033539276257723	0.08953279453258678
phosphorylation_y	prott5	replica	0	2	101	1389	17.0	0.16558675305975523	0.00929614075952383
phosphorylation_y	prott5	replica	0	3	91	1459	28.0	0.1912268677176148	-0.04059734502458546
phosphorylation_y	prott5	replica	0	4	102	1969	58.5	0.17673946165566276	-0.10351576395615637
phosphorylation_y	prott5	replica	1	0	88	823	4.0	0.1385176184690158	0.13316797630167954
phosphorylation_y	prott5	replica	1	1	93	1219	9.0	0.13125512715340443	0.07748267247896544
phosphorylation_y	prott5	replica	1	2	110	1401	17.0	0.17416131334760884	0.034773185462365776
phosphorylation_y	prott5	replica	1	3	88	1355	28.0	0.2118081180811808	-0.00695425892879719
phosphorylation_y	prott5	replica	1	4	90	2061	58.5	0.18098010674429887	-0.11807027376632481
phosphorylation_y	prott5	replica	2	0	106	858	4.0	0.16083916083916083	0.19194169701569275
phosphorylation_y	prott5	replica	2	1	118	1341	9.0	0.14392244593586875	0.08397465104192121
phosphorylation_y	prott5	replica	2	2	89	1318	17.0	0.1456752655538695	-0.015481953672305513
phosphorylation_y	prott5	replica	2	3	86	1536	28.0	0.13932291666666666	-0.06835708098426121
phosphorylation_y	prott5	replica	2	4	94	2042	58.5	0.19980411361410383	-0.07438505962524822
phosphorylation_y	prott5	rebuilt	0	0	109	1060	4.0	0.12641509433962264	0.026859001964848063
phosphorylation_y	prott5	rebuilt	0	1	97	1133	9.0	0.14033539276257723	0.01955270052994524
phosphorylation_y	prott5	rebuilt	0	2	101	1389	17.0	0.16558675305975523	0.01071923375944475
phosphorylation_y	prott5	rebuilt	0	3	91	1459	28.0	0.1912268677176148	-0.0089398871092799
phosphorylation_y	prott5	rebuilt	0	4	102	1969	58.5	0.17673946165566276	-0.026647776629048395
phosphorylation_y	prott5	rebuilt	1	0	88	823	4.0	0.1385176184690158	0.03929870502113657
phosphorylation_y	prott5	rebuilt	1	1	93	1219	9.0	0.13125512715340443	0.026438859095568645
phosphorylation_y	prott5	rebuilt	1	2	110	1401	17.0	0.17416131334760884	0.018594491115472785
phosphorylation_y	prott5	rebuilt	1	3	88	1355	28.0	0.2118081180811808	0.011669264236016032
phosphorylation_y	prott5	rebuilt	1	4	90	2061	58.5	0.18098010674429887	-0.051642182708623315
phosphorylation_y	prott5	rebuilt	2	0	106	858	4.0	0.16083916083916083	0.09755959333126353
phosphorylation_y	prott5	rebuilt	2	1	118	1341	9.0	0.14392244593586875	0.029125341127838395
phosphorylation_y	prott5	rebuilt	2	2	89	1318	17.0	0.1456752655538695	-0.01694486595852301
phosphorylation_y	prott5	rebuilt	2	3	86	1536	28.0	0.13932291666666666	-0.03271482080984261
phosphorylation_y	prott5	rebuilt	2	4	94	2042	58.5	0.19980411361410383	-0.024573905697063567
acetylation_k	ppi	replica	0	0	331	7433	1.0	0.05717745190367281	0.0869879146148299
acetylation_k	ppi	replica	0	1	82	1684	3.0	0.14608076009501186	0.02525218674008545
acetylation_k	ppi	replica	0	2	144	4406	5.0	0.1663640490240581	0.02739033761489759
acetylation_k	ppi	replica	0	3	121	5924	12.0	0.29810938555030386	-0.13669609711910422
acetylation_k	ppi	replica	1	0	306	7571	1.0	0.05190859859992075	0.10374957302516588
acetylation_k	ppi	replica	1	1	71	1840	3.0	0.11576086956521739	0.057270806025193834
acetylation_k	ppi	replica	1	2	151	4332	5.0	0.17590027700831026	0.007088187820221562
acetylation_k	ppi	replica	1	3	122	5827	12.0	0.32864252617127165	-0.1581555397455101
acetylation_k	ppi	replica	2	0	364	8254	1.0	0.05803246910588805	0.10825480516272018
acetylation_k	ppi	replica	2	1	63	1790	3.0	0.10558659217877095	0.10327334027073423
acetylation_k	ppi	replica	2	2	138	4045	5.0	0.17972805933250927	-0.015017652111093415
acetylation_k	ppi	replica	2	3	124	6274	12.0	0.3390181702263309	-0.16220083489135062
acetylation_k	ppi	rebuilt	0	0	331	7433	1.0	0.05717745190367281	-0.0308750215350029
acetylation_k	ppi	rebuilt	0	1	82	1684	3.0	0.14608076009501186	-0.025133205092298487
acetylation_k	ppi	rebuilt	0	2	144	4406	5.0	0.1663640490240581	0.010233279268459235
acetylation_k	ppi	rebuilt	0	3	121	5924	12.0	0.29810938555030386	0.03827321471780483
acetylation_k	ppi	rebuilt	1	0	306	7571	1.0	0.05190859859992075	-0.03858857997467274
acetylation_k	ppi	rebuilt	1	1	71	1840	3.0	0.11576086956521739	-0.032297688342849525
acetylation_k	ppi	rebuilt	1	2	151	4332	5.0	0.17590027700831026	0.0005739276249144225
acetylation_k	ppi	rebuilt	1	3	122	5827	12.0	0.32864252617127165	0.05991001048017181
acetylation_k	ppi	rebuilt	2	0	364	8254	1.0	0.05803246910588805	-0.038205857959593824
acetylation_k	ppi	rebuilt	2	1	63	1790	3.0	0.10558659217877095	-0.06892044860639723
acetylation_k	ppi	rebuilt	2	2	138	4045	5.0	0.17972805933250927	0.016175123607876738
acetylation_k	ppi	rebuilt	2	3	124	6274	12.0	0.3390181702263309	0.059497988461918574
acetylation_k	esm	replica	0	0	331	7433	1.0	0.05717745190367281	0.12595708097356872
acetylation_k	esm	replica	0	1	82	1684	3.0	0.14608076009501186	0.06703309695992042
acetylation_k	esm	replica	0	2	144	4406	5.0	0.1663640490240581	-0.024227995309527687
acetylation_k	esm	replica	0	3	121	5924	12.0	0.29810938555030386	-0.15907734146240096
acetylation_k	esm	replica	1	0	306	7571	1.0	0.05190859859992075	0.120543619533077
acetylation_k	esm	replica	1	1	71	1840	3.0	0.11576086956521739	0.025825367687898514
acetylation_k	esm	replica	1	2	151	4332	5.0	0.17590027700831026	-0.007630013668762985
acetylation_k	esm	replica	1	3	122	5827	12.0	0.32864252617127165	-0.15910437632016095
acetylation_k	esm	replica	2	0	364	8254	1.0	0.05803246910588805	0.15744905397136472
acetylation_k	esm	replica	2	1	63	1790	3.0	0.10558659217877095	0.04310814581271706
acetylation_k	esm	replica	2	2	138	4045	5.0	0.17972805933250927	-0.028634310745749566
acetylation_k	esm	replica	2	3	124	6274	12.0	0.3390181702263309	-0.20097581853966384
acetylation_k	esm	rebuilt	0	0	331	7433	1.0	0.05717745190367281	-0.03521640824743897
acetylation_k	esm	rebuilt	0	1	82	1684	3.0	0.14608076009501186	0.02099287887280454
acetylation_k	esm	rebuilt	0	2	144	4406	5.0	0.1663640490240581	-0.006014327242209879
acetylation_k	esm	rebuilt	0	3	121	5924	12.0	0.29810938555030386	0.04269255238193581
acetylation_k	esm	rebuilt	1	0	306	7571	1.0	0.05190859859992075	-0.04102840579796222
acetylation_k	esm	rebuilt	1	1	71	1840	3.0	0.11576086956521739	-0.0059940070205061
acetylation_k	esm	rebuilt	1	2	151	4332	5.0	0.17590027700831026	0.006796405497513248
acetylation_k	esm	rebuilt	1	3	122	5827	12.0	0.32864252617127165	0.05014810444463289
acetylation_k	esm	rebuilt	2	0	364	8254	1.0	0.05803246910588805	-0.04156488198132892
acetylation_k	esm	rebuilt	2	1	63	1790	3.0	0.10558659217877095	-0.027224876864792285
acetylation_k	esm	rebuilt	2	2	138	4045	5.0	0.17972805933250927	0.003695740602259351
acetylation_k	esm	rebuilt	2	3	124	6274	12.0	0.3390181702263309	0.06006691022086834
acetylation_k	prott5	replica	0	0	331	7433	1.0	0.05717745190367281	0.15867665337819004
acetylation_k	prott5	replica	0	1	82	1684	3.0	0.14608076009501186	0.08753849154782954
acetylation_k	prott5	replica	0	2	144	4406	5.0	0.1663640490240581	-0.04505842211221061
acetylation_k	prott5	replica	0	3	121	5924	12.0	0.29810938555030386	-0.19046775430456303
acetylation_k	prott5	replica	1	0	306	7571	1.0	0.05190859859992075	0.120476474555607
acetylation_k	prott5	replica	1	1	71	1840	3.0	0.11576086956521739	0.05540622014618649
acetylation_k	prott5	replica	1	2	151	4332	5.0	0.17590027700831026	0.01701971543305727
acetylation_k	prott5	replica	1	3	122	5827	12.0	0.32864252617127165	-0.18668341190758334
acetylation_k	prott5	replica	2	0	364	8254	1.0	0.05803246910588805	0.1570615303408629
acetylation_k	prott5	replica	2	1	63	1790	3.0	0.10558659217877095	0.13546245970825058
acetylation_k	prott5	replica	2	2	138	4045	5.0	0.17972805933250927	-0.054672180759754344
acetylation_k	prott5	replica	2	3	124	6274	12.0	0.3390181702263309	-0.21002784557507884
acetylation_k	prott5	rebuilt	0	0	331	7433	1.0	0.05717745190367281	-0.03879714576214768
acetylation_k	prott5	rebuilt	0	1	82	1684	3.0	0.14608076009501186	0.022118219603387588
acetylation_k	prott5	rebuilt	0	2	144	4406	5.0	0.1663640490240581	-0.0023417348982152707
acetylation_k	prott5	rebuilt	0	3	121	5924	12.0	0.29810938555030386	0.044133995037048526
acetylation_k	prott5	rebuilt	1	0	306	7571	1.0	0.05190859859992075	-0.04495255508962439
acetylation_k	prott5	rebuilt	1	1	71	1840	3.0	0.11576086956521739	-0.010577192241896424
acetylation_k	prott5	rebuilt	1	2	151	4332	5.0	0.17590027700831026	0.0290748731617118
acetylation_k	prott5	rebuilt	1	3	122	5827	12.0	0.32864252617127165	0.040131367388381696
acetylation_k	prott5	rebuilt	2	0	364	8254	1.0	0.05803246910588805	-0.041234844180974534
acetylation_k	prott5	rebuilt	2	1	63	1790	3.0	0.10558659217877095	-0.04499160077004601
acetylation_k	prott5	rebuilt	2	2	138	4045	5.0	0.17972805933250927	0.014498799811845169
acetylation_k	prott5	rebuilt	2	3	124	6274	12.0	0.3390181702263309	0.05773664711654963
methylation_k	ppi	replica	0	0	418	5475	1.0	0.10410958904109589	0.05570876373251427
methylation_k	ppi	replica	0	1	75	1328	3.0	0.1694277108433735	0.005002323909351351
methylation_k	ppi	replica	0	2	108	2866	6.0	0.296231681786462	-0.10873990495015148
methylation_k	ppi	replica	1	0	357	4996	1.0	0.0976781425140112	0.06263747089277774
methylation_k	ppi	replica	1	1	73	1118	3.0	0.19588550983899822	-0.025468131934388776
methylation_k	ppi	replica	1	2	111	3143	6.0	0.24117085587018772	-0.09050697838933215
methylation_k	ppi	replica	2	0	360	5362	1.0	0.0908243192838493	0.07089583730213872
methylation_k	ppi	replica	2	1	93	1412	3.0	0.19759206798866855	-0.019427795249880454
methylation_k	ppi	replica	2	2	117	2865	6.0	0.2778359511343805	-0.12311044772119953
methylation_k	ppi	rebuilt	0	0	418	5475	1.0	0.10410958904109589	-0.0007342677322573531
methylation_k	ppi	rebuilt	0	1	75	1328	3.0	0.1694277108433735	-0.005322406598158068
methylation_k	ppi	rebuilt	0	2	108	2866	6.0	0.296231681786462	0.003868901534006602
methylation_k	ppi	rebuilt	1	0	357	4996	1.0	0.0976781425140112	-0.004266111387543652
methylation_k	ppi	rebuilt	1	1	73	1118	3.0	0.19588550983899822	0.043875079401305944
methylation_k	ppi	rebuilt	1	2	111	3143	6.0	0.24117085587018772	-0.008825595379730178
methylation_k	ppi	rebuilt	2	0	360	5362	1.0	0.0908243192838493	-0.009081507083057572
methylation_k	ppi	rebuilt	2	1	93	1412	3.0	0.19759206798866855	0.017666110615896766
methylation_k	ppi	rebuilt	2	2	117	2865	6.0	0.2778359511343805	0.008289875319269974
methylation_k	esm	replica	0	0	418	5475	1.0	0.10410958904109589	0.11665588514062025
methylation_k	esm	replica	0	1	75	1328	3.0	0.1694277108433735	0.00048530298669078
methylation_k	esm	replica	0	2	108	2866	6.0	0.296231681786462	-0.22307587352101235
methylation_k	esm	replica	1	0	357	4996	1.0	0.0976781425140112	0.09987495235466758
methylation_k	esm	replica	1	1	73	1118	3.0	0.19588550983899822	-0.0008149806083990424
methylation_k	esm	replica	1	2	111	3143	6.0	0.24117085587018772	-0.1584677421710878
methylation_k	esm	replica	2	0	360	5362	1.0	0.0908243192838493	0.0836183811112686
methylation_k	esm	replica	2	1	93	1412	3.0	0.19759206798866855	0.023374668301902653
methylation_k	esm	replica	2	2	117	2865	6.0	0.2778359511343805	-0.16801633199333643
methylation_k	esm	rebuilt	0	0	418	5475	1.0	0.10410958904109589	0.0012602059682334586
methylation_k	esm	rebuilt	0	1	75	1328	3.0	0.1694277108433735	-0.010155187925141461
methylation_k	esm	rebuilt	0	2	108	2866	6.0	0.296231681786462	0.0022981374349301024
methylation_k	esm	rebuilt	1	0	357	4996	1.0	0.0976781425140112	-0.002195501675186969
methylation_k	esm	rebuilt	1	1	73	1118	3.0	0.19588550983899822	0.04799182091664713
methylation_k	esm	rebuilt	1	2	111	3143	6.0	0.24117085587018772	-0.01358133293527757
methylation_k	esm	rebuilt	2	0	360	5362	1.0	0.0908243192838493	0.0025468460278415595
methylation_k	esm	rebuilt	2	1	93	1412	3.0	0.19759206798866855	0.002138275308024794
methylation_k	esm	rebuilt	2	2	117	2865	6.0	0.2778359511343805	-0.005820395510023542
methylation_k	prott5	replica	0	0	418	5475	1.0	0.10410958904109589	0.1051857298498095
methylation_k	prott5	replica	0	1	75	1328	3.0	0.1694277108433735	-0.008006778899650744
methylation_k	prott5	replica	0	2	108	2866	6.0	0.296231681786462	-0.1972291934923137
methylation_k	prott5	replica	1	0	357	4996	1.0	0.0976781425140112	0.10984654635234599
methylation_k	prott5	replica	1	1	73	1118	3.0	0.19588550983899822	0.038206207824548186
methylation_k	prott5	replica	1	2	111	3143	6.0	0.24117085587018772	-0.18819850013495562
methylation_k	prott5	replica	2	0	360	5362	1.0	0.0908243192838493	0.09233897601202748
methylation_k	prott5	replica	2	1	93	1412	3.0	0.19759206798866855	-0.001182195677557563
methylation_k	prott5	replica	2	2	117	2865	6.0	0.2778359511343805	-0.17223466983587435
methylation_k	prott5	rebuilt	0	0	418	5475	1.0	0.10410958904109589	0.006931742031092165
methylation_k	prott5	rebuilt	0	1	75	1328	3.0	0.1694277108433735	-0.012079928463466026
methylation_k	prott5	rebuilt	0	2	108	2866	6.0	0.296231681786462	-0.007644501961181689
methylation_k	prott5	rebuilt	1	0	357	4996	1.0	0.0976781425140112	0.006141026032449596
methylation_k	prott5	rebuilt	1	1	73	1118	3.0	0.19588550983899822	0.04158575157454698
methylation_k	prott5	rebuilt	1	2	111	3143	6.0	0.24117085587018772	-0.02455406818913831
methylation_k	prott5	rebuilt	2	0	360	5362	1.0	0.0908243192838493	0.0028149737798610405
methylation_k	prott5	rebuilt	2	1	93	1412	3.0	0.19759206798866855	0.0057289467040619645
methylation_k	prott5	rebuilt	2	2	117	2865	6.0	0.2778359511343805	-0.0080918541548867
methylation_r	ppi	replica	0	0	235	2638	1.0	0.11675511751326763	0.09578982434169706
methylation_r	ppi	replica	0	1	61	883	3.0	0.14835787089467722	0.0006993907743184885
methylation_r	ppi	replica	0	2	25	386	4.0	0.16580310880829016	0.09619824598802351
methylation_r	ppi	replica	0	3	75	1975	7.0	0.270379746835443	-0.14706007170556815
methylation_r	ppi	replica	1	0	197	2374	1.0	0.10741364785172704	0.10043946576156414
methylation_r	ppi	replica	1	1	59	856	3.0	0.15654205607476634	-0.04488224496268748
methylation_r	ppi	replica	1	2	31	658	4.0	0.12917933130699089	0.0505672565222341
methylation_r	ppi	replica	1	3	77	1799	7.0	0.23290717065036132	-0.12968168139050737
methylation_r	ppi	replica	2	0	203	2678	1.0	0.09522031366691561	0.10211441551222715
methylation_r	ppi	replica	2	1	75	985	3.0	0.1715736040609137	-0.0025002471449386884
methylation_r	ppi	replica	2	2	30	403	4.0	0.20347394540942929	0.09706561500011555
methylation_r	ppi	replica	2	3	77	1839	7.0	0.24796084828711257	-0.1686335530989811
methylation_r	ppi	rebuilt	0	0	235	2638	1.0	0.11675511751326763	-0.004349373926802553
methylation_r	ppi	rebuilt	0	1	61	883	3.0	0.14835787089467722	0.008160682166411302
methylation_r	ppi	rebuilt	0	2	25	386	4.0	0.16580310880829016	-0.010764376432534141
methylation_r	ppi	rebuilt	0	3	75	1975	7.0	0.270379746835443	0.004264716642492221
methylation_r	ppi	rebuilt	1	0	197	2374	1.0	0.10741364785172704	-0.0014931184781383346
methylation_r	ppi	rebuilt	1	1	59	856	3.0	0.15654205607476634	0.028229348292301348
methylation_r	ppi	rebuilt	1	2	31	658	4.0	0.12917933130699089	-0.011320678580648127
methylation_r	ppi	rebuilt	1	3	77	1799	7.0	0.23290717065036132	-0.007321096367450295
methylation_r	ppi	rebuilt	2	0	203	2678	1.0	0.09522031366691561	-0.010411709169138696
methylation_r	ppi	rebuilt	2	1	75	985	3.0	0.1715736040609137	0.01424208169107312
methylation_r	ppi	rebuilt	2	2	30	403	4.0	0.20347394540942929	0.013920364413385636
methylation_r	ppi	rebuilt	2	3	77	1839	7.0	0.24796084828711257	0.0044829797882827566
methylation_r	esm	replica	0	0	235	2638	1.0	0.11675511751326763	0.16481096902205336
methylation_r	esm	replica	0	1	61	883	3.0	0.14835787089467722	-0.018957100053409774
methylation_r	esm	replica	0	2	25	386	4.0	0.16580310880829016	-0.04233870612547634
methylation_r	esm	replica	0	3	75	1975	7.0	0.270379746835443	-0.20338707664232006
methylation_r	esm	replica	1	0	197	2374	1.0	0.10741364785172704	0.12156173889547527
methylation_r	esm	replica	1	1	59	856	3.0	0.15654205607476634	0.008887399364676613
methylation_r	esm	replica	1	2	31	658	4.0	0.12917933130699089	-0.07568733788948614
methylation_r	esm	replica	1	3	77	1799	7.0	0.23290717065036132	-0.13696104150235663
methylation_r	esm	replica	2	0	203	2678	1.0	0.09522031366691561	0.09019533198976323
methylation_r	esm	replica	2	1	75	985	3.0	0.1715736040609137	0.07688133174587483
methylation_r	esm	replica	2	2	30	403	4.0	0.20347394540942929	0.07741935483870968
methylation_r	esm	replica	2	3	77	1839	7.0	0.24796084828711257	-0.1894895110594196
methylation_r	esm	rebuilt	0	0	235	2638	1.0	0.11675511751326763	0.01537973627924878
methylation_r	esm	rebuilt	0	1	61	883	3.0	0.14835787089467722	-0.020106449875101226
methylation_r	esm	rebuilt	0	2	25	386	4.0	0.16580310880829016	-0.013281055930713354
methylation_r	esm	rebuilt	0	3	75	1975	7.0	0.270379746835443	-0.008957600747184071
methylation_r	esm	rebuilt	1	0	197	2374	1.0	0.10741364785172704	0.012525907459170616
methylation_r	esm	rebuilt	1	1	59	856	3.0	0.15654205607476634	0.03027266235996509
methylation_r	esm	rebuilt	1	2	31	658	4.0	0.12917933130699089	-0.05440566470855784
methylation_r	esm	rebuilt	1	3	77	1799	7.0	0.23290717065036132	-0.011034450200094558
methylation_r	esm	rebuilt	2	0	203	2678	1.0	0.09522031366691561	-0.0011797763822130206
methylation_r	esm	rebuilt	2	1	75	985	3.0	0.1715736040609137	-0.0023019294497908936
methylation_r	esm	rebuilt	2	2	30	403	4.0	0.20347394540942929	-0.0180023658295216
methylation_r	esm	rebuilt	2	3	77	1839	7.0	0.24796084828711257	0.006896027780808974
methylation_r	prott5	replica	0	0	235	2638	1.0	0.11675511751326763	0.16174788531284584
methylation_r	prott5	replica	0	1	61	883	3.0	0.14835787089467722	0.012556591447581977
methylation_r	prott5	replica	0	2	25	386	4.0	0.16580310880829016	-0.02735138201556343
methylation_r	prott5	replica	0	3	75	1975	7.0	0.270379746835443	-0.2163143079724024
methylation_r	prott5	replica	1	0	197	2374	1.0	0.10741364785172704	0.1357768993532153
methylation_r	prott5	replica	1	1	59	856	3.0	0.15654205607476634	0.06253553768309096
methylation_r	prott5	replica	1	2	31	658	4.0	0.12917933130699089	-0.09473600805548622
methylation_r	prott5	replica	1	3	77	1799	7.0	0.23290717065036132	-0.17427931407490221
methylation_r	prott5	replica	2	0	203	2678	1.0	0.09522031366691561	0.1123074836264251
methylation_r	prott5	replica	2	1	75	985	3.0	0.1715736040609137	0.06529534894716256
methylation_r	prott5	replica	2	2	30	403	4.0	0.20347394540942929	0.1766969994306041
methylation_r	prott5	replica	2	3	77	1839	7.0	0.24796084828711257	-0.23723994053020936
methylation_r	prott5	rebuilt	0	0	235	2638	1.0	0.11675511751326763	0.021840897262023738
methylation_r	prott5	rebuilt	0	1	61	883	3.0	0.14835787089467722	-0.020187700503253296
methylation_r	prott5	rebuilt	0	2	25	386	4.0	0.16580310880829016	-0.009147517762982886
methylation_r	prott5	rebuilt	0	3	75	1975	7.0	0.270379746835443	-0.018359293962701053
methylation_r	prott5	rebuilt	1	0	197	2374	1.0	0.10741364785172704	0.01633030979032716
methylation_r	prott5	rebuilt	1	1	59	856	3.0	0.15654205607476634	0.04516890875895015
methylation_r	prott5	rebuilt	1	2	31	658	4.0	0.12917933130699089	-0.05521217537144119
methylation_r	prott5	rebuilt	1	3	77	1799	7.0	0.23290717065036132	-0.022847765394935916
methylation_r	prott5	rebuilt	2	0	203	2678	1.0	0.09522031366691561	0.005735414918434081
methylation_r	prott5	rebuilt	2	1	75	985	3.0	0.1715736040609137	-0.005335923698835627
methylation_r	prott5	rebuilt	2	2	30	403	4.0	0.20347394540942929	-0.013517795198164487
methylation_r	prott5	rebuilt	2	3	77	1839	7.0	0.24796084828711257	-0.0025317481475546993
sumoylation_k	ppi	replica	0	0	272	7719	1.0	0.04741546832491255	0.058557103789093505
sumoylation_k	ppi	replica	0	1	118	3540	3.0	0.1135593220338983	0.06453313692241382
sumoylation_k	ppi	replica	0	2	139	5140	7.0	0.1894941634241245	-0.03614743331087699
sumoylation_k	ppi	replica	0	3	100	5491	16.0	0.364232380258605	-0.09008409791211983
sumoylation_k	ppi	replica	1	0	260	9011	1.0	0.04028409721451559	0.08290414116389684
sumoylation_k	ppi	replica	1	1	116	4223	3.0	0.0942457968269003	0.038900899708685134
sumoylation_k	ppi	replica	1	2	131	5042	7.0	0.18345894486314954	-0.017386482707505098
sumoylation_k	ppi	replica	1	3	142	8128	16.0	0.31360728346456695	-0.10133674577834784
sumoylation_k	ppi	replica	2	0	273	7743	1.0	0.047010202763786646	0.08866299976925611
sumoylation_k	ppi	replica	2	1	111	4338	3.0	0.08667588750576302	-0.007056292411950956
sumoylation_k	ppi	replica	2	2	126	4744	7.0	0.18360033726812816	-0.02476062957423303
sumoylation_k	ppi	replica	2	3	94	5467	16.0	0.37040424364368024	-0.0984896623431764
sumoylation_k	ppi	rebuilt	0	0	272	7719	1.0	0.04741546832491255	-0.030149061149770097
sumoylation_k	ppi	rebuilt	0	1	118	3540	3.0	0.1135593220338983	-0.03778595726449402
sumoylation_k	ppi	rebuilt	0	2	139	5140	7.0	0.1894941634241245	0.004906594344200666
sumoylation_k	ppi	rebuilt	0	3	100	5491	16.0	0.364232380258605	0.06214951680972369
sumoylation_k	ppi	rebuilt	1	0	260	9011	1.0	0.04028409721451559	-0.04108200347835233
sumoylation_k	ppi	rebuilt	1	1	116	4223	3.0	0.0942457968269003	-0.022134981378082518
sumoylation_k	ppi	rebuilt	1	2	131	5042	7.0	0.18345894486314954	0.025394067503024587
sumoylation_k	ppi	rebuilt	1	3	142	8128	16.0	0.31360728346456695	0.04129294677077083
sumoylation_k	ppi	rebuilt	2	0	273	7743	1.0	0.047010202763786646	-0.04109054562088448
sumoylation_k	ppi	rebuilt	2	1	111	4338	3.0	0.08667588750576302	-0.02936075846323871
sumoylation_k	ppi	rebuilt	2	2	126	4744	7.0	0.18360033726812816	0.018368608404348962
sumoylation_k	ppi	rebuilt	2	3	94	5467	16.0	0.37040424364368024	0.0655552198071715
sumoylation_k	esm	replica	0	0	272	7719	1.0	0.04741546832491255	0.07097154145102788
sumoylation_k	esm	replica	0	1	118	3540	3.0	0.1135593220338983	0.0484320033655695
sumoylation_k	esm	replica	0	2	139	5140	7.0	0.1894941634241245	-0.0238898640709739
sumoylation_k	esm	replica	0	3	100	5491	16.0	0.364232380258605	-0.10862952450369594
sumoylation_k	esm	replica	1	0	260	9011	1.0	0.04028409721451559	0.06633359552080727
sumoylation_k	esm	replica	1	1	116	4223	3.0	0.0942457968269003	0.017256815113117104
sumoylation_k	esm	replica	1	2	131	5042	7.0	0.18345894486314954	-0.0013804358492435684
sumoylation_k	esm	replica	1	3	142	8128	16.0	0.31360728346456695	-0.08164953271515768
sumoylation_k	esm	replica	2	0	273	7743	1.0	0.047010202763786646	0.07481062350696921
sumoylation_k	esm	replica	2	1	111	4338	3.0	0.08667588750576302	-0.003738587598426418
sumoylation_k	esm	replica	2	2	126	4744	7.0	0.18360033726812816	0.007206374408472068
sumoylation_k	esm	replica	2	3	94	5467	16.0	0.37040424364368024	-0.10924230931155667
sumoylation_k	esm	rebuilt	0	0	272	7719	1.0	0.04741546832491255	-0.04125946897568316
sumoylation_k	esm	rebuilt	0	1	118	3540	3.0	0.1135593220338983	-0.01154460024828818
sumoylation_k	esm	rebuilt	0	2	139	5140	7.0	0.1894941634241245	0.038086492775159846
sumoylation_k	esm	rebuilt	0	3	100	5491	16.0	0.364232380258605	0.02979150483298431
sumoylation_k	esm	rebuilt	1	0	260	9011	1.0	0.04028409721451559	-0.0774267655595273
sumoylation_k	esm	rebuilt	1	1	116	4223	3.0	0.0942457968269003	-0.0007806439964553057
sumoylation_k	esm	rebuilt	1	2	131	5042	7.0	0.18345894486314954	0.05088786536676226
sumoylation_k	esm	rebuilt	1	3	142	8128	16.0	0.31360728346456695	0.0546767503536806
sumoylation_k	esm	rebuilt	2	0	273	7743	1.0	0.047010202763786646	-0.06006871762456665
sumoylation_k	esm	rebuilt	2	1	111	4338	3.0	0.08667588750576302	-0.046918552301788985
sumoylation_k	esm	rebuilt	2	2	126	4744	7.0	0.18360033726812816	0.03612153359110067
sumoylation_k	esm	rebuilt	2	3	94	5467	16.0	0.37040424364368024	0.09096107647631217
sumoylation_k	prott5	replica	0	0	272	7719	1.0	0.04741546832491255	0.08365831915468946
sumoylation_k	prott5	replica	0	1	118	3540	3.0	0.1135593220338983	0.052131871478605145
sumoylation_k	prott5	replica	0	2	139	5140	7.0	0.1894941634241245	-0.03759168587898815
sumoylation_k	prott5	replica	0	3	100	5491	16.0	0.364232380258605	-0.11602333366805885
sumoylation_k	prott5	replica	1	0	260	9011	1.0	0.04028409721451559	0.0680087876234556
sumoylation_k	prott5	replica	1	1	116	4223	3.0	0.0942457968269003	0.03832803732440599
sumoylation_k	prott5	replica	1	2	131	5042	7.0	0.18345894486314954	-0.011861734705252128
sumoylation_k	prott5	replica	1	3	142	8128	16.0	0.31360728346456695	-0.0879527092165408
sumoylation_k	prott5	replica	2	0	273	7743	1.0	0.047010202763786646	0.08587020386362645
sumoylation_k	prott5	replica	2	1	111	4338	3.0	0.08667588750576302	-0.0015426302075383727
sumoylation_k	prott5	replica	2	2	126	4744	7.0	0.18360033726812816	-0.008844948194877193
sumoylation_k	prott5	replica	2	3	94	5467	16.0	0.37040424364368024	-0.11272007031996721
sumoylation_k	prott5	rebuilt	0	0	272	7719	1.0	0.04741546832491255	-0.06702544864614443
sumoylation_k	prott5	rebuilt	0	1	118	3540	3.0	0.1135593220338983	-0.010988235992494573
sumoylation_k	prott5	rebuilt	0	2	139	5140	7.0	0.1894941634241245	0.018183537958629366
sumoylation_k	prott5	rebuilt	0	3	100	5491	16.0	0.364232380258605	0.08428417563388539
sumoylation_k	prott5	rebuilt	1	0	260	9011	1.0	0.04028409721451559	-0.0671393214282646
sumoylation_k	prott5	rebuilt	1	1	116	4223	3.0	0.0942457968269003	-0.008766987672524163
sumoylation_k	prott5	rebuilt	1	2	131	5042	7.0	0.18345894486314954	0.05471601792932098
sumoylation_k	prott5	rebuilt	1	3	142	8128	16.0	0.31360728346456695	0.045046413869528235
sumoylation_k	prott5	rebuilt	2	0	273	7743	1.0	0.047010202763786646	-0.06928760449260225
sumoylation_k	prott5	rebuilt	2	1	111	4338	3.0	0.08667588750576302	-0.0451982486610301
sumoylation_k	prott5	rebuilt	2	2	126	4744	7.0	0.18360033726812816	0.02832637821204319
sumoylation_k	prott5	rebuilt	2	3	94	5467	16.0	0.37040424364368024	0.10941715493686388
ubiquitination_k	ppi	replica	0	0	322	9035	1.0	0.048588821250691756	0.03175708510901421
ubiquitination_k	ppi	replica	0	1	209	5684	3.0	0.12755102040816327	0.020779467467990715
ubiquitination_k	ppi	replica	0	2	207	6396	6.0	0.1899624765478424	0.01796224925056227
ubiquitination_k	ppi	replica	0	3	230	8593	10.0	0.27394390783195627	0.0025966923773747094
ubiquitination_k	ppi	replica	0	4	234	16227	22.0	0.3637764220126949	-0.03341564558164663
ubiquitination_k	ppi	replica	1	0	304	10359	1.0	0.04199247031566754	0.028390316176685953
ubiquitination_k	ppi	replica	1	1	191	6039	3.0	0.1081304851796655	0.011475323526087445
ubiquitination_k	ppi	replica	1	2	209	7277	6.0	0.1699876322660437	0.019737281261471985
ubiquitination_k	ppi	replica	1	3	197	7957	10.0	0.26065099912027145	0.0073553031859930375
ubiquitination_k	ppi	replica	1	4	213	14797	22.0	0.38588903156045146	-0.03822052491984931
ubiquitination_k	ppi	replica	2	0	325	9591	1.0	0.04785736628088833	0.031238535931048875
ubiquitination_k	ppi	replica	2	1	187	4863	3.0	0.1326341764342998	0.022888960341317537
ubiquitination_k	ppi	replica	2	2	204	7147	6.0	0.1694417238001959	-0.007390724290272121
ubiquitination_k	ppi	replica	2	3	217	8452	10.0	0.27307146237576907	0.0008897688123013589
ubiquitination_k	ppi	replica	2	4	229	15775	22.0	0.38770206022187004	-0.02317696556282175
ubiquitination_k	ppi	rebuilt	0	0	322	9035	1.0	0.048588821250691756	-0.05985901615387447
ubiquitination_k	ppi	rebuilt	0	1	209	5684	3.0	0.12755102040816327	-0.023659860907087528
ubiquitination_k	ppi	rebuilt	0	2	207	6396	6.0	0.1899624765478424	-0.01650244114828217
ubiquitination_k	ppi	rebuilt	0	3	230	8593	10.0	0.27394390783195627	0.0014779281654612134
ubiquitination_k	ppi	rebuilt	0	4	234	16227	22.0	0.3637764220126949	0.04733830265635952
ubiquitination_k	ppi	rebuilt	1	0	304	10359	1.0	0.04199247031566754	-0.040292543333891984
ubiquitination_k	ppi	rebuilt	1	1	191	6039	3.0	0.1081304851796655	-0.059783999079464856
ubiquitination_k	ppi	rebuilt	1	2	209	7277	6.0	0.1699876322660437	-0.004147741969173716
ubiquitination_k	ppi	rebuilt	1	3	197	7957	10.0	0.26065099912027145	0.0004975969381051975
ubiquitination_k	ppi	rebuilt	1	4	213	14797	22.0	0.38588903156045146	0.05437925027436976
ubiquitination_k	ppi	rebuilt	2	0	325	9591	1.0	0.04785736628088833	-0.04825134962444562
ubiquitination_k	ppi	rebuilt	2	1	187	4863	3.0	0.1326341764342998	-0.02249523385737345
ubiquitination_k	ppi	rebuilt	2	2	204	7147	6.0	0.1694417238001959	-0.036787802901497024
ubiquitination_k	ppi	rebuilt	2	3	217	8452	10.0	0.27307146237576907	0.015129827506632861
ubiquitination_k	ppi	rebuilt	2	4	229	15775	22.0	0.38770206022187004	0.04483157792376566
ubiquitination_k	esm	replica	0	0	322	9035	1.0	0.048588821250691756	0.05012205536455865
ubiquitination_k	esm	replica	0	1	209	5684	3.0	0.12755102040816327	0.07313024048683668
ubiquitination_k	esm	replica	0	2	207	6396	6.0	0.1899624765478424	0.041399400054989745
ubiquitination_k	esm	replica	0	3	230	8593	10.0	0.27394390783195627	0.008810466410884158
ubiquitination_k	esm	replica	0	4	234	16227	22.0	0.3637764220126949	-0.0745069302869544
ubiquitination_k	esm	replica	1	0	304	10359	1.0	0.04199247031566754	0.04063095437243897
ubiquitination_k	esm	replica	1	1	191	6039	3.0	0.1081304851796655	0.04299570435595511
ubiquitination_k	esm	replica	1	2	209	7277	6.0	0.1699876322660437	0.024601362111463406
ubiquitination_k	esm	replica	1	3	197	7957	10.0	0.26065099912027145	0.013828876128768257
ubiquitination_k	esm	replica	1	4	213	14797	22.0	0.38588903156045146	-0.06552730921074788
ubiquitination_k	esm	replica	2	0	325	9591	1.0	0.04785736628088833	0.04960307059747422
ubiquitination_k	esm	replica	2	1	187	4863	3.0	0.1326341764342998	0.07797556334119596
ubiquitination_k	esm	replica	2	2	204	7147	6.0	0.1694417238001959	0.011790990064027678
ubiquitination_k	esm	replica	2	3	217	8452	10.0	0.27307146237576907	0.013797050555212912
ubiquitination_k	esm	replica	2	4	229	15775	22.0	0.38770206022187004	-0.06693002167409678
ubiquitination_k	esm	rebuilt	0	0	322	9035	1.0	0.048588821250691756	-0.05689506520395961
ubiquitination_k	esm	rebuilt	0	1	209	5684	3.0	0.12755102040816327	-0.032430032814933625
ubiquitination_k	esm	rebuilt	0	2	207	6396	6.0	0.1899624765478424	-0.0028332377922334023
ubiquitination_k	esm	rebuilt	0	3	230	8593	10.0	0.27394390783195627	0.022887458131497472
ubiquitination_k	esm	rebuilt	0	4	234	16227	22.0	0.3637764220126949	0.03203479890509798
ubiquitination_k	esm	rebuilt	1	0	304	10359	1.0	0.04199247031566754	-0.03964881042391037
ubiquitination_k	esm	rebuilt	1	1	191	6039	3.0	0.1081304851796655	-0.008413514500545324
ubiquitination_k	esm	rebuilt	1	2	209	7277	6.0	0.1699876322660437	-0.019425780030146052
ubiquitination_k	esm	rebuilt	1	3	197	7957	10.0	0.26065099912027145	0.02484588157653576
ubiquitination_k	esm	rebuilt	1	4	213	14797	22.0	0.38588903156045146	0.027383521174897514
ubiquitination_k	esm	rebuilt	2	0	325	9591	1.0	0.04785736628088833	-0.06313909105874448
ubiquitination_k	esm	rebuilt	2	1	187	4863	3.0	0.1326341764342998	-0.009737040165436514
ubiquitination_k	esm	rebuilt	2	2	204	7147	6.0	0.1694417238001959	-0.0209103218256829
ubiquitination_k	esm	rebuilt	2	3	217	8452	10.0	0.27307146237576907	0.026606896789456293
ubiquitination_k	esm	rebuilt	2	4	229	15775	22.0	0.38770206022187004	0.03660746922932533
ubiquitination_k	prott5	replica	0	0	322	9035	1.0	0.048588821250691756	0.06144628104400789
ubiquitination_k	prott5	replica	0	1	209	5684	3.0	0.12755102040816327	0.06878736529687675
ubiquitination_k	prott5	replica	0	2	207	6396	6.0	0.1899624765478424	0.050924109120938144
ubiquitination_k	prott5	replica	0	3	230	8593	10.0	0.27394390783195627	-0.001269187504325068
ubiquitination_k	prott5	replica	0	4	234	16227	22.0	0.3637764220126949	-0.07770746331995525
ubiquitination_k	prott5	replica	1	0	304	10359	1.0	0.04199247031566754	0.05100409274605055
ubiquitination_k	prott5	replica	1	1	191	6039	3.0	0.1081304851796655	0.026760628060020858
ubiquitination_k	prott5	replica	1	2	209	7277	6.0	0.1699876322660437	0.03208518622352811
ubiquitination_k	prott5	replica	1	3	197	7957	10.0	0.26065099912027145	-0.002049104353527121
ubiquitination_k	prott5	replica	1	4	213	14797	22.0	0.38588903156045146	-0.061305535339487884
ubiquitination_k	prott5	replica	2	0	325	9591	1.0	0.04785736628088833	0.05842141865364
ubiquitination_k	prott5	replica	2	1	187	4863	3.0	0.1326341764342998	0.08232936703253148
ubiquitination_k	prott5	replica	2	2	204	7147	6.0	0.1694417238001959	0.012467122520975893
ubiquitination_k	prott5	replica	2	3	217	8452	10.0	0.27307146237576907	0.009644411421111988
ubiquitination_k	prott5	replica	2	4	229	15775	22.0	0.38770206022187004	-0.0717150318969835
ubiquitination_k	prott5	rebuilt	0	0	322	9035	1.0	0.048588821250691756	-0.05980244455288562
ubiquitination_k	prott5	rebuilt	0	1	209	5684	3.0	0.12755102040816327	-0.044683538767222024
ubiquitination_k	prott5	rebuilt	0	2	207	6396	6.0	0.1899624765478424	-0.00010682767945814694
ubiquitination_k	prott5	rebuilt	0	3	230	8593	10.0	0.27394390783195627	0.010664585813232845
ubiquitination_k	prott5	rebuilt	0	4	234	16227	22.0	0.3637764220126949	0.04334373604689197
ubiquitination_k	prott5	rebuilt	1	0	304	10359	1.0	0.04199247031566754	-0.051883200673000125
ubiquitination_k	prott5	rebuilt	1	1	191	6039	3.0	0.1081304851796655	-0.014431823678729498
ubiquitination_k	prott5	rebuilt	1	2	209	7277	6.0	0.1699876322660437	-0.007927588686297773
ubiquitination_k	prott5	rebuilt	1	3	197	7957	10.0	0.26065099912027145	0.02539971971782586
ubiquitination_k	prott5	rebuilt	1	4	213	14797	22.0	0.38588903156045146	0.032452210045475716
ubiquitination_k	prott5	rebuilt	2	0	325	9591	1.0	0.04785736628088833	-0.069076841171734
ubiquitination_k	prott5	rebuilt	2	1	187	4863	3.0	0.1326341764342998	-0.024379540385887265
ubiquitination_k	prott5	rebuilt	2	2	204	7147	6.0	0.1694417238001959	-0.01740061136365993
ubiquitination_k	prott5	rebuilt	2	3	217	8452	10.0	0.27307146237576907	0.02639119126926621
ubiquitination_k	prott5	rebuilt	2	4	229	15775	22.0	0.38770206022187004	0.04325689441413058
glycosylation_n	ppi	replica	0	0	202	2628	1.0	0.0989345509893455	0.001221315880346711
glycosylation_n	ppi	replica	0	1	67	1137	3.0	0.20140721196130168	0.013880395244948308
glycosylation_n	ppi	replica	0	2	44	1132	7.0	0.2826855123674912	-0.01677705611930864
glycosylation_n	ppi	replica	1	0	201	2332	1.0	0.10506003430531732	0.03140482683142628
glycosylation_n	ppi	replica	1	1	59	992	3.0	0.2006048387096774	0.009969889655216412
glycosylation_n	ppi	replica	1	2	45	1732	7.0	0.25346420323325636	-0.04799433412751776
glycosylation_n	ppi	replica	2	0	188	2141	1.0	0.11396543671181691	0.08917743623627725
glycosylation_n	ppi	replica	2	1	40	738	3.0	0.18834688346883469	-0.04245289038715676
glycosylation_n	ppi	replica	2	2	38	1368	7.0	0.23684210526315788	-0.11666568558197943
glycosylation_n	ppi	rebuilt	0	0	202	2628	1.0	0.0989345509893455	-0.006570240407493297
glycosylation_n	ppi	rebuilt	0	1	67	1137	3.0	0.20140721196130168	0.015071780346195834
glycosylation_n	ppi	rebuilt	0	2	44	1132	7.0	0.2826855123674912	0.00011482114599621073
glycosylation_n	ppi	rebuilt	1	0	201	2332	1.0	0.10506003430531732	-0.010924260630848733
glycosylation_n	ppi	rebuilt	1	1	59	992	3.0	0.2006048387096774	0.0010322891677725615
glycosylation_n	ppi	rebuilt	1	2	45	1732	7.0	0.25346420323325636	0.014117404697868855
glycosylation_n	ppi	rebuilt	2	0	188	2141	1.0	0.11396543671181691	-0.02250609188979401
glycosylation_n	ppi	rebuilt	2	1	40	738	3.0	0.18834688346883469	-0.010093526882996638
glycosylation_n	ppi	rebuilt	2	2	38	1368	7.0	0.23684210526315788	0.04066854208750036
glycosylation_n	esm	replica	0	0	202	2628	1.0	0.0989345509893455	0.04481834932019697
glycosylation_n	esm	replica	0	1	67	1137	3.0	0.20140721196130168	-0.0016073416693472154
glycosylation_n	esm	replica	0	2	44	1132	7.0	0.2826855123674912	-0.10243381142705817
glycosylation_n	esm	replica	1	0	201	2332	1.0	0.10506003430531732	0.11019785944590398
glycosylation_n	esm	replica	1	1	59	992	3.0	0.2006048387096774	0.03436800176730298
glycosylation_n	esm	replica	1	2	45	1732	7.0	0.25346420323325636	-0.1680568510282983
glycosylation_n	esm	replica	2	0	188	2141	1.0	0.11396543671181691	0.11747925040254256
glycosylation_n	esm	replica	2	1	40	738	3.0	0.18834688346883469	-0.01907164821589351
glycosylation_n	esm	replica	2	2	38	1368	7.0	0.23684210526315788	-0.17357324468458643
glycosylation_n	esm	rebuilt	0	0	202	2628	1.0	0.0989345509893455	-0.015392776119569991
glycosylation_n	esm	rebuilt	0	1	67	1137	3.0	0.20140721196130168	0.036067708964744094
glycosylation_n	esm	rebuilt	0	2	44	1132	7.0	0.2826855123674912	-0.000491845804491248
glycosylation_n	esm	rebuilt	1	0	201	2332	1.0	0.10506003430531732	0.008971050817465315
glycosylation_n	esm	rebuilt	1	1	59	992	3.0	0.2006048387096774	0.012413190013781139
glycosylation_n	esm	rebuilt	1	2	45	1732	7.0	0.25346420323325636	-0.019188438221709007
glycosylation_n	esm	rebuilt	2	0	188	2141	1.0	0.11396543671181691	0.012518713926922838
glycosylation_n	esm	rebuilt	2	1	40	738	3.0	0.18834688346883469	-0.001626686269217297
glycosylation_n	esm	rebuilt	2	2	38	1368	7.0	0.23684210526315788	-0.018714964949458644
glycosylation_n	prott5	replica	0	0	202	2628	1.0	0.0989345509893455	0.0577579259068625
glycosylation_n	prott5	replica	0	1	67	1137	3.0	0.20140721196130168	-0.005825098165570471
glycosylation_n	prott5	replica	0	2	44	1132	7.0	0.2826855123674912	-0.1282373610150009
glycosylation_n	prott5	replica	1	0	201	2332	1.0	0.10506003430531732	0.133527561635582
glycosylation_n	prott5	replica	1	1	59	992	3.0	0.2006048387096774	0.02587232671498571
glycosylation_n	prott5	replica	1	2	45	1732	7.0	0.25346420323325636	-0.1946025530227731
glycosylation_n	prott5	replica	2	0	188	2141	1.0	0.11396543671181691	0.11570653439243923
glycosylation_n	prott5	replica	2	1	40	738	3.0	0.18834688346883469	-0.028797627274600984
glycosylation_n	prott5	replica	2	2	38	1368	7.0	0.23684210526315788	-0.16555193070581642
glycosylation_n	prott5	rebuilt	0	0	202	2628	1.0	0.0989345509893455	0.0014973212251529137
glycosylation_n	prott5	rebuilt	0	1	67	1137	3.0	0.20140721196130168	0.023746163043121007
glycosylation_n	prott5	rebuilt	0	2	44	1132	7.0	0.2826855123674912	-0.027327162155238914
glycosylation_n	prott5	rebuilt	1	0	201	2332	1.0	0.10506003430531732	0.02202760472078077
glycosylation_n	prott5	rebuilt	1	1	59	992	3.0	0.2006048387096774	0.01392199702046754
glycosylation_n	prott5	rebuilt	1	2	45	1732	7.0	0.25346420323325636	-0.03763221434940217
glycosylation_n	prott5	rebuilt	2	0	188	2141	1.0	0.11396543671181691	0.014788030169275188
glycosylation_n	prott5	rebuilt	2	1	40	738	3.0	0.18834688346883469	0.029267590768679054
glycosylation_n	prott5	rebuilt	2	2	38	1368	7.0	0.23684210526315788	-0.03893322703194687
