task	family	train	split	n_bins	shallow	deep	span	shallow_rate	deep_rate
phosphorylation_st	ppi	replica	0	5	0.06434237114904237	-0.03417921792215285	0.09852158907119522	0.028222349242640755	0.2907566302652106
phosphorylation_st	ppi	replica	1	5	0.030853489069402752	-0.023043801536100788	0.05389729060550354	0.025672529746508018	0.27888774459320287
phosphorylation_st	ppi	replica	2	5	0.03835505939764115	-0.03423628081248939	0.07259134021013054	0.028913963328631876	0.2905176407480555
phosphorylation_st	ppi	rebuilt	0	5	-0.025528814139596404	0.019224512201398137	-0.04475332634099454	0.028222349242640755	0.2907566302652106
phosphorylation_st	ppi	rebuilt	1	5	-0.03793690784874757	0.026560727505393684	-0.06449763535414126	0.025672529746508018	0.27888774459320287
phosphorylation_st	ppi	rebuilt	2	5	-0.03377912139507973	0.013450059880171141	-0.04722918127525087	0.028913963328631876	0.2905176407480555
phosphorylation_st	esm	replica	0	5	0.1630809335367331	-0.07799790396518352	0.24107883750191664	0.028222349242640755	0.2907566302652106
phosphorylation_st	esm	replica	1	5	0.15993119979206016	-0.08435457848162957	0.24428577827368975	0.025672529746508018	0.27888774459320287
phosphorylation_st	esm	replica	2	5	0.1284345937061543	-0.0610491010499503	0.1894836947561046	0.028913963328631876	0.2905176407480555
phosphorylation_st	esm	rebuilt	0	5	-0.0313027869528811	0.01686250543040233	-0.04816529238328343	0.028222349242640755	0.2907566302652106
phosphorylation_st	esm	rebuilt	1	5	-0.05601700127231559	0.023796673711649882	-0.07981367498396547	0.025672529746508018	0.27888774459320287
phosphorylation_st	esm	rebuilt	2	5	-0.033608966533132396	0.01936767999587514	-0.052976646529007534	0.028913963328631876	0.2905176407480555
phosphorylation_st	prott5	replica	0	5	0.162801914200514	-0.0775856192808505	0.2403875334813645	0.028222349242640755	0.2907566302652106
phosphorylation_st	prott5	replica	1	5	0.16458076728260757	-0.093488807603644	0.2580695748862516	0.025672529746508018	0.27888774459320287
phosphorylation_st	prott5	replica	2	5	0.1656695440437966	-0.08375165471314401	0.24942119875694063	0.028913963328631876	0.2905176407480555
phosphorylation_st	prott5	rebuilt	0	5	-0.04195745681603982	0.026807811389697102	-0.06876526820573692	0.028222349242640755	0.2907566302652106
phosphorylation_st	prott5	rebuilt	1	5	-0.051870926729430444	0.02805208574513985	-0.07992301247457029	0.025672529746508018	0.27888774459320287
phosphorylation_st	prott5	rebuilt	2	5	-0.048584506477578025	0.032998235581932406	-0.08158274205951044	0.028913963328631876	0.2905176407480555
phosphorylation_y	ppi	replica	0	5	0.038907019621564884	-0.054454675139411234	0.09336169476097611	0.12641509433962264	0.17673946165566276
phosphorylation_y	ppi	replica	1	5	0.040353628911610845	-0.05290293518172485	0.09325656409333569	0.1385176184690158	0.18098010674429887
phosphorylation_y	ppi	replica	2	5	0.06675553715722848	-0.048858433778598685	0.11561397093582718	0.16083916083916083	0.19980411361410383
phosphorylation_y	ppi	rebuilt	0	5	-0.0023268645869781728	-0.02498538328398305	0.022658518697004876	0.12641509433962264	0.17673946165566276
phosphorylation_y	ppi	rebuilt	1	5	-0.00047777157558507715	-0.015055779056604159	0.014578007481019081	0.1385176184690158	0.18098010674429887
phosphorylation_y	ppi	rebuilt	2	5	0.040669666251061595	-0.007207003870102065	0.04787667012116366	0.16083916083916083	0.19980411361410383
phosphorylation_y	esm	replica	0	5	0.119740868839663	-0.09512243627872538	0.2148633051183884	0.12641509433962264	0.17673946165566276
phosphorylation_y	esm	replica	1	5	0.14231561019862507	-0.09948562572406168	0.24180123592268676	0.1385176184690158	0.18098010674429887
phosphorylation_y	esm	replica	2	5	0.1801135439613241	-0.07832328708123074	0.2584368310425548	0.16083916083916083	0.19980411361410383
phosphorylation_y	esm	rebuilt	0	5	0.022198409280542626	-0.03862283366503196	0.06082124294557459	0.12641509433962264	0.17673946165566276
phosphorylation_y	esm	rebuilt	1	5	0.04601230797683667	-0.0619791857884034	0.10799149376524006	0.1385176184690158	0.18098010674429887
phosphorylation_y	esm	rebuilt	2	5	0.0866442929867877	-0.020911458387257307	0.10755575137404501	0.16083916083916083	0.19980411361410383
phosphorylation_y	prott5	replica	0	5	0.14028402820768177	-0.10351576395615637	0.24379979216383812	0.12641509433962264	0.17673946165566276
phosphorylation_y	prott5	replica	1	5	0.13316797630167954	-0.11807027376632481	0.2512382500680044	0.1385176184690158	0.18098010674429887
phosphorylation_y	prott5	replica	2	5	0.19194169701569275	-0.07438505962524822	0.26632675664094096	0.16083916083916083	0.19980411361410383
phosphorylation_y	prott5	rebuilt	0	5	0.026859001964848063	-0.026647776629048395	0.05350677859389646	0.12641509433962264	0.17673946165566276
phosphorylation_y	prott5	rebuilt	1	5	0.03929870502113657	-0.051642182708623315	0.09094088772975989	0.1385176184690158	0.18098010674429887
phosphorylation_y	prott5	rebuilt	2	5	0.09755959333126353	-0.024573905697063567	0.1221334990283271	0.16083916083916083	0.19980411361410383
acetylation_k	ppi	replica	0	4	0.0869879146148299	-0.13669609711910422	0.2236840117339341	0.05717745190367281	0.29810938555030386
acetylation_k	ppi	replica	1	4	0.10374957302516588	-0.1581555397455101	0.26190511277067596	0.05190859859992075	0.32864252617127165
acetylation_k	ppi	replica	2	4	0.10825480516272018	-0.16220083489135062	0.2704556400540708	0.05803246910588805	0.3390181702263309
acetylation_k	ppi	rebuilt	0	4	-0.0308750215350029	0.03827321471780483	-0.06914823625280772	0.05717745190367281	0.29810938555030386
acetylation_k	ppi	rebuilt	1	4	-0.03858857997467274	0.05991001048017181	-0.09849859045484455	0.05190859859992075	0.32864252617127165
acetylation_k	ppi	rebuilt	2	4	-0.038205857959593824	0.059497988461918574	-0.09770384642151239	0.05803246910588805	0.3390181702263309
acetylation_k	esm	replica	0	4	0.12595708097356872	-0.15907734146240096	0.28503442243596966	0.05717745190367281	0.29810938555030386
acetylation_k	esm	replica	1	4	0.120543619533077	-0.15910437632016095	0.27964799585323796	0.05190859859992075	0.32864252617127165
acetylation_k	esm	replica	2	4	0.15744905397136472	-0.20097581853966384	0.35842487251102856	0.05803246910588805	0.3390181702263309
acetylation_k	esm	rebuilt	0	4	-0.03521640824743897	0.04269255238193581	-0.07790896062937477	0.05717745190367281	0.29810938555030386
acetylation_k	esm	rebuilt	1	4	-0.04102840579796222	0.05014810444463289	-0.09117651024259511	0.05190859859992075	0.32864252617127165
acetylation_k	esm	rebuilt	2	4	-0.04156488198132892	0.06006691022086834	-0.10163179220219726	0.05803246910588805	0.3390181702263309
acetylation_k	prott5	replica	0	4	0.15867665337819004	-0.19046775430456303	0.34914440768275307	0.05717745190367281	0.29810938555030386
acetylation_k	prott5	replica	1	4	0.120476474555607	-0.18668341190758334	0.30715988646319037	0.05190859859992075	0.32864252617127165
acetylation_k	prott5	replica	2	4	0.1570615303408629	-0.21002784557507884	0.3670893759159417	0.05803246910588805	0.3390181702263309
acetylation_k	prott5	rebuilt	0	4	-0.03879714576214768	0.044133995037048526	-0.08293114079919621	0.05717745190367281	0.29810938555030386
acetylation_k	prott5	rebuilt	1	4	-0.04495255508962439	0.040131367388381696	-0.08508392247800609	0.05190859859992075	0.32864252617127165
acetylation_k	prott5	rebuilt	2	4	-0.041234844180974534	0.05773664711654963	-0.09897149129752417	0.05803246910588805	0.3390181702263309
methylation_k	ppi	replica	0	3	0.05570876373251427	-0.10873990495015148	0.16444866868266575	0.10410958904109589	0.296231681786462
methylation_k	ppi	replica	1	3	0.06263747089277774	-0.09050697838933215	0.1531444492821099	0.0976781425140112	0.24117085587018772
methylation_k	ppi	replica	2	3	0.07089583730213872	-0.12311044772119953	0.19400628502333825	0.0908243192838493	0.2778359511343805
methylation_k	ppi	rebuilt	0	3	-0.0007342677322573531	0.003868901534006602	-0.004603169266263955	0.10410958904109589	0.296231681786462
methylation_k	ppi	rebuilt	1	3	-0.004266111387543652	-0.008825595379730178	0.004559483992186526	0.0976781425140112	0.24117085587018772
methylation_k	ppi	rebuilt	2	3	-0.009081507083057572	0.008289875319269974	-0.017371382402327544	0.0908243192838493	0.2778359511343805
methylation_k	esm	replica	0	3	0.11665588514062025	-0.22307587352101235	0.33973175866163263	0.10410958904109589	0.296231681786462
methylation_k	esm	replica	1	3	0.09987495235466758	-0.1584677421710878	0.25834269452575537	0.0976781425140112	0.24117085587018772
methylation_k	esm	replica	2	3	0.0836183811112686	-0.16801633199333643	0.25163471310460506	0.0908243192838493	0.2778359511343805
methylation_k	esm	rebuilt	0	3	0.0012602059682334586	0.0022981374349301024	-0.0010379314666966438	0.10410958904109589	0.296231681786462
methylation_k	esm	rebuilt	1	3	-0.002195501675186969	-0.01358133293527757	0.011385831260090601	0.0976781425140112	0.24117085587018772
methylation_k	esm	rebuilt	2	3	0.0025468460278415595	-0.005820395510023542	0.008367241537865102	0.0908243192838493	0.2778359511343805
methylation_k	prott5	replica	0	3	0.1051857298498095	-0.1972291934923137	0.30241492334212317	0.10410958904109589	0.296231681786462
methylation_k	prott5	replica	1	3	0.10984654635234599	-0.18819850013495562	0.2980450464873016	0.0976781425140112	0.24117085587018772
methylation_k	prott5	replica	2	3	0.09233897601202748	-0.17223466983587435	0.26457364584790183	0.0908243192838493	0.2778359511343805
methylation_k	prott5	rebuilt	0	3	0.006931742031092165	-0.007644501961181689	0.014576243992273853	0.10410958904109589	0.296231681786462
methylation_k	prott5	rebuilt	1	3	0.006141026032449596	-0.02455406818913831	0.030695094221587907	0.0976781425140112	0.24117085587018772
methylation_k	prott5	rebuilt	2	3	0.0028149737798610405	-0.0080918541548867	0.01090682793474774	0.0908243192838493	0.2778359511343805
methylation_r	ppi	replica	0	4	0.09578982434169706	-0.14706007170556815	0.2428498960472652	0.11675511751326763	0.270379746835443
methylation_r	ppi	replica	1	4	0.10043946576156414	-0.12968168139050737	0.2301211471520715	0.10741364785172704	0.23290717065036132
methylation_r	ppi	replica	2	4	0.10211441551222715	-0.1686335530989811	0.27074796861120826	0.09522031366691561	0.24796084828711257
methylation_r	ppi	rebuilt	0	4	-0.004349373926802553	0.004264716642492221	-0.008614090569294774	0.11675511751326763	0.270379746835443
methylation_r	ppi	rebuilt	1	4	-0.0014931184781383346	-0.007321096367450295	0.005827977889311961	0.10741364785172704	0.23290717065036132
methylation_r	ppi	rebuilt	2	4	-0.010411709169138696	0.0044829797882827566	-0.014894688957421453	0.09522031366691561	0.24796084828711257
methylation_r	esm	replica	0	4	0.16481096902205336	-0.20338707664232006	0.3681980456643734	0.11675511751326763	0.270379746835443
methylation_r	esm	replica	1	4	0.12156173889547527	-0.13696104150235663	0.2585227803978319	0.10741364785172704	0.23290717065036132
methylation_r	esm	replica	2	4	0.09019533198976323	-0.1894895110594196	0.27968484304918284	0.09522031366691561	0.24796084828711257
methylation_r	esm	rebuilt	0	4	0.01537973627924878	-0.008957600747184071	0.02433733702643285	0.11675511751326763	0.270379746835443
methylation_r	esm	rebuilt	1	4	0.012525907459170616	-0.011034450200094558	0.023560357659265174	0.10741364785172704	0.23290717065036132
methylation_r	esm	rebuilt	2	4	-0.0011797763822130206	0.006896027780808974	-0.008075804163021994	0.09522031366691561	0.24796084828711257
methylation_r	prott5	replica	0	4	0.16174788531284584	-0.2163143079724024	0.37806219328524826	0.11675511751326763	0.270379746835443
methylation_r	prott5	replica	1	4	0.1357768993532153	-0.17427931407490221	0.3100562134281175	0.10741364785172704	0.23290717065036132
methylation_r	prott5	replica	2	4	0.1123074836264251	-0.23723994053020936	0.3495474241566345	0.09522031366691561	0.24796084828711257
methylation_r	prott5	rebuilt	0	4	0.021840897262023738	-0.018359293962701053	0.04020019122472479	0.11675511751326763	0.270379746835443
methylation_r	prott5	rebuilt	1	4	0.01633030979032716	-0.022847765394935916	0.039178075185263075	0.10741364785172704	0.23290717065036132
methylation_r	prott5	rebuilt	2	4	0.005735414918434081	-0.0025317481475546993	0.00826716306598878	0.09522031366691561	0.24796084828711257
sumoylation_k	ppi	replica	0	4	0.058557103789093505	-0.09008409791211983	0.14864120170121334	0.04741546832491255	0.364232380258605
sumoylation_k	ppi	replica	1	4	0.08290414116389684	-0.10133674577834784	0.18424088694224466	0.04028409721451559	0.31360728346456695
sumoylation_k	ppi	replica	2	4	0.08866299976925611	-0.0984896623431764	0.1871526621124325	0.047010202763786646	0.37040424364368024
sumoylation_k	ppi	rebuilt	0	4	-0.030149061149770097	0.06214951680972369	-0.09229857795949378	0.04741546832491255	0.364232380258605
sumoylation_k	ppi	rebuilt	1	4	-0.04108200347835233	0.04129294677077083	-0.08237495024912317	0.04028409721451559	0.31360728346456695
sumoylation_k	ppi	rebuilt	2	4	-0.04109054562088448	0.0655552198071715	-0.10664576542805598	0.047010202763786646	0.37040424364368024
sumoylation_k	esm	replica	0	4	0.07097154145102788	-0.10862952450369594	0.1796010659547238	0.04741546832491255	0.364232380258605
sumoylation_k	esm	replica	1	4	0.06633359552080727	-0.08164953271515768	0.14798312823596493	0.04028409721451559	0.31360728346456695
sumoylation_k	esm	replica	2	4	0.07481062350696921	-0.10924230931155667	0.18405293281852586	0.047010202763786646	0.37040424364368024
sumoylation_k	esm	rebuilt	0	4	-0.04125946897568316	0.02979150483298431	-0.07105097380866747	0.04741546832491255	0.364232380258605
sumoylation_k	esm	rebuilt	1	4	-0.0774267655595273	0.0546767503536806	-0.1321035159132079	0.04028409721451559	0.31360728346456695
sumoylation_k	esm	rebuilt	2	4	-0.06006871762456665	0.09096107647631217	-0.15102979410087883	0.047010202763786646	0.37040424364368024
sumoylation_k	prott5	replica	0	4	0.08365831915468946	-0.11602333366805885	0.1996816528227483	0.04741546832491255	0.364232380258605
sumoylation_k	prott5	replica	1	4	0.0680087876234556	-0.0879527092165408	0.15596149683999638	0.04028409721451559	0.31360728346456695
sumoylation_k	prott5	replica	2	4	0.08587020386362645	-0.11272007031996721	0.19859027418359365	0.047010202763786646	0.37040424364368024
sumoylation_k	prott5	rebuilt	0	4	-0.06702544864614443	0.08428417563388539	-0.1513096242800298	0.04741546832491255	0.364232380258605
sumoylation_k	prott5	rebuilt	1	4	-0.0671393214282646	0.045046413869528235	-0.11218573529779284	0.04028409721451559	0.31360728346456695
sumoylation_k	prott5	rebuilt	2	4	-0.06928760449260225	0.10941715493686388	-0.17870475942946612	0.047010202763786646	0.37040424364368024
ubiquitination_k	ppi	replica	0	5	0.03175708510901421	-0.03341564558164663	0.06517273069066085	0.048588821250691756	0.3637764220126949
ubiquitination_k	ppi	replica	1	5	0.028390316176685953	-0.03822052491984931	0.06661084109653526	0.04199247031566754	0.38588903156045146
ubiquitination_k	ppi	replica	2	5	0.031238535931048875	-0.02317696556282175	0.05441550149387062	0.04785736628088833	0.38770206022187004
ubiquitination_k	ppi	rebuilt	0	5	-0.05985901615387447	0.04733830265635952	-0.10719731881023399	0.048588821250691756	0.3637764220126949
ubiquitination_k	ppi	rebuilt	1	5	-0.040292543333891984	0.05437925027436976	-0.09467179360826175	0.04199247031566754	0.38588903156045146
ubiquitination_k	ppi	rebuilt	2	5	-0.04825134962444562	0.04483157792376566	-0.09308292754821128	0.04785736628088833	0.38770206022187004
ubiquitination_k	esm	replica	0	5	0.05012205536455865	-0.0745069302869544	0.12462898565151306	0.048588821250691756	0.3637764220126949
ubiquitination_k	esm	replica	1	5	0.04063095437243897	-0.06552730921074788	0.10615826358318686	0.04199247031566754	0.38588903156045146
ubiquitination_k	esm	replica	2	5	0.04960307059747422	-0.06693002167409678	0.116533092271571	0.04785736628088833	0.38770206022187004
ubiquitination_k	esm	rebuilt	0	5	-0.05689506520395961	0.03203479890509798	-0.0889298641090576	0.048588821250691756	0.3637764220126949
ubiquitination_k	esm	rebuilt	1	5	-0.03964881042391037	0.027383521174897514	-0.06703233159880789	0.04199247031566754	0.38588903156045146
ubiquitination_k	esm	rebuilt	2	5	-0.06313909105874448	0.03660746922932533	-0.0997465602880698	0.04785736628088833	0.38770206022187004
ubiquitination_k	prott5	replica	0	5	0.06144628104400789	-0.07770746331995525	0.13915374436396313	0.048588821250691756	0.3637764220126949
ubiquitination_k	prott5	replica	1	5	0.05100409274605055	-0.061305535339487884	0.11230962808553843	0.04199247031566754	0.38588903156045146
ubiquitination_k	prott5	replica	2	5	0.05842141865364	-0.0717150318969835	0.1301364505506235	0.04785736628088833	0.38770206022187004
ubiquitination_k	prott5	rebuilt	0	5	-0.05980244455288562	0.04334373604689197	-0.10314618059977759	0.048588821250691756	0.3637764220126949
ubiquitination_k	prott5	rebuilt	1	5	-0.051883200673000125	0.032452210045475716	-0.08433541071847583	0.04199247031566754	0.38588903156045146
ubiquitination_k	prott5	rebuilt	2	5	-0.069076841171734	0.04325689441413058	-0.11233373558586458	0.04785736628088833	0.38770206022187004
glycosylation_n	ppi	replica	0	3	0.001221315880346711	-0.01677705611930864	0.01799837199965535	0.0989345509893455	0.2826855123674912
glycosylation_n	ppi	replica	1	3	0.03140482683142628	-0.04799433412751776	0.07939916095894403	0.10506003430531732	0.25346420323325636
glycosylation_n	ppi	replica	2	3	0.08917743623627725	-0.11666568558197943	0.20584312181825667	0.11396543671181691	0.23684210526315788
glycosylation_n	ppi	rebuilt	0	3	-0.006570240407493297	0.00011482114599621073	-0.006685061553489508	0.0989345509893455	0.2826855123674912
glycosylation_n	ppi	rebuilt	1	3	-0.010924260630848733	0.014117404697868855	-0.025041665328717586	0.10506003430531732	0.25346420323325636
glycosylation_n	ppi	rebuilt	2	3	-0.02250609188979401	0.04066854208750036	-0.06317463397729438	0.11396543671181691	0.23684210526315788
glycosylation_n	esm	replica	0	3	0.04481834932019697	-0.10243381142705817	0.14725216074725514	0.0989345509893455	0.2826855123674912
glycosylation_n	esm	replica	1	3	0.11019785944590398	-0.1680568510282983	0.27825471047420225	0.10506003430531732	0.25346420323325636
glycosylation_n	esm	replica	2	3	0.11747925040254256	-0.17357324468458643	0.291052495087129	0.11396543671181691	0.23684210526315788
glycosylation_n	esm	rebuilt	0	3	-0.015392776119569991	-0.000491845804491248	-0.014900930315078744	0.0989345509893455	0.2826855123674912
glycosylation_n	esm	rebuilt	1	3	0.008971050817465315	-0.019188438221709007	0.028159489039174323	0.10506003430531732	0.25346420323325636
glycosylation_n	esm	rebuilt	2	3	0.012518713926922838	-0.018714964949458644	0.031233678876381482	0.11396543671181691	0.23684210526315788
glycosylation_n	prott5	replica	0	3	0.0577579259068625	-0.1282373610150009	0.1859952869218634	0.0989345509893455	0.2826855123674912
glycosylation_n	prott5	replica	1	3	0.133527561635582	-0.1946025530227731	0.32813011465835507	0.10506003430531732	0.25346420323325636
glycosylation_n	prott5	replica	2	3	0.11570653439243923	-0.16555193070581642	0.28125846509825564	0.11396543671181691	0.23684210526315788
glycosylation_n	prott5	rebuilt	0	3	0.0014973212251529137	-0.027327162155238914	0.028824483380391827	0.0989345509893455	0.2826855123674912
glycosylation_n	prott5	rebuilt	1	3	0.02202760472078077	-0.03763221434940217	0.059659819070182946	0.10506003430531732	0.25346420323325636
glycosylation_n	prott5	rebuilt	2	3	0.014788030169275188	-0.03893322703194687	0.05372125720122206	0.11396543671181691	0.23684210526315788
