task	split	alpha	mode	target_inflation	actual_inflation	inflation_reached	max_inflation	n_sites	n_proteins	exp_flipped	d_auroc	d_auprc	d_auroc_lo	d_auroc_hi	d_auprc_lo	d_auprc_hi	f_shallow	f_deep	f_ref	ref_bin	f_monotone
acetylation_k	0	0.0	alpha			True	1.733	19447	678	2323.552723223703	-0.0584731938303751	-0.1095664343682133	-0.0647988015702792	-0.0509944866892534	-0.1174584374449717	-0.1007089290592804	0.046714007240323	0.2345323741007194	0.2345323741007194	3	True
acetylation_k	0	0.25	alpha			True	1.733	19447	678	1415.7807969152495	-0.0872188876290382	-0.1406198636263409	-0.0929634251605592	-0.0815021856832657	-0.1467851023205784	-0.1336997998412483	0.046714007240323	0.2345323741007194	0.2345323741007194	3	True
acetylation_k	0	0.5	alpha			True	1.733	19447	678	777.1253883297278	-0.1133928634486878	-0.1666300230969044	-0.1184651301039986	-0.1074151393437913	-0.1722043058291822	-0.1610966150470228	0.046714007240323	0.2345323741007194	0.2345323741007194	3	True
acetylation_k	0	0.75	alpha			True	1.733	19447	678	324.14113937208884	-0.1355119188538211	-0.1879501046871224	-0.1394797985431608	-0.1315282619445408	-0.1918462722922042	-0.1843275186029279	0.046714007240323	0.2345323741007194	0.2345323741007194	3	True
acetylation_k	0	1.0	alpha			True	1.733	19447	678	0.0	-0.154232181850142	-0.2057934877030938	-0.1542321818501421	-0.1542321818501421	-0.2057934877030938	-0.2057934877030938	0.046714007240323	0.2345323741007194	0.2345323741007194	3	True
acetylation_k	0	0.1961730333065947	inflation	1.5	1.5	True	1.733	19447	678	1584.9999999999998	-0.0811186003914159	-0.1342839768424035	-0.0882751281132925	-0.0748093418746129	-0.1418793213186686	-0.1273138298112881	0.046714007240323	0.2345323741007194	0.2345323741007194	3	True
acetylation_k	0	0.4928438541817671	inflation	1.25	1.25	True	1.733	19447	678	792.5000000000001	-0.112082103992199	-0.1654020181739387	-0.116987318476478	-0.107020706838223	-0.1712646454475732	-0.1602977977672781	0.046714007240323	0.2345323741007194	0.2345323741007194	3	True
acetylation_k	0	0.754702731438547	inflation	1.1	1.1	True	1.733	19447	678	317.00000000000034	-0.136007688710192	-0.1885052382849487	-0.1390213592936033	-0.1326337301517527	-0.1930192271125507	-0.1843821229043647	0.046714007240323	0.2345323741007194	0.2345323741007194	3	True
acetylation_k	1	0.0	alpha			True	1.7278	19570	650	2389.423980943224	-0.0588623887232002	-0.0776828026849078	-0.0641902211960122	-0.052106863151696	-0.0864805375995608	-0.0696362116001505	0.0408576051779935	0.2412857724128577	0.2412857724128577	3	True
acetylation_k	1	0.25	alpha			True	1.7278	19570	650	1416.4859375748022	-0.0907453757071509	-0.1020832883981761	-0.0968504157416957	-0.0835330225380468	-0.1084357109511043	-0.0957808567488706	0.0408576051779935	0.2412857724128577	0.2412857724128577	3	True
acetylation_k	1	0.5	alpha			True	1.7278	19570	650	759.6123124750809	-0.1179984810095507	-0.1205881614581504	-0.1235853037578372	-0.1126613422138234	-0.1263399106145901	-0.1150085492151037	0.0408576051779935	0.2412857724128577	0.2412857724128577	3	True
acetylation_k	1	0.75	alpha			True	1.7278	19570	650	310.8484091804988	-0.1405133075746072	-0.1344800587787206	-0.1437927459944328	-0.1368622673080855	-0.1379011908164185	-0.1314671552040781	0.0408576051779935	0.2412857724128577	0.2412857724128577	3	True
acetylation_k	1	1.0	alpha			True	1.7278	19570	650	0.0	-0.1592719805665287	-0.1455922463093231	-0.1592719805665287	-0.1592719805665287	-0.1455922463093231	-0.1455922463093231	0.0408576051779935	0.2412857724128577	0.2412857724128577	3	True
acetylation_k	1	0.182742226620275	inflation	1.5	1.5	True	1.7278	19570	650	1641.5000000000002	-0.0825419362471663	-0.096161136615185	-0.088637644354347	-0.0768143764892767	-0.1026404046233979	-0.0893548351815212	0.0408576051779935	0.2412857724128577	0.2412857724128577	3	True
acetylation_k	1	0.4722146883096331	inflation	1.25	1.25	True	1.7278	19570	650	820.7499999999998	-0.1149733705925688	-0.1186771330620806	-0.1200238800089646	-0.1099629417842026	-0.1231330585577236	-0.1132274212318618	0.0408576051779935	0.2412857724128577	0.2412857724128577	3	True
acetylation_k	1	0.738324698163201	inflation	1.1	1.1	True	1.7278	19570	650	328.3000000000004	-0.1397003304211247	-0.1340033521871377	-0.1432413704614626	-0.1348366236382966	-0.1373557712082975	-0.1297447433267105	0.0408576051779935	0.2412857724128577	0.2412857724128577	3	True
acetylation_k	2	0.0	alpha			True	1.7171	20363	689	2525.5041114846777	-0.0823589469316541	-0.1262499285819604	-0.0889161626977164	-0.0757934002155091	-0.1343532488848995	-0.1190713848491213	0.0360692771084337	0.2461519667725384	0.2461519667725384	3	True
acetylation_k	2	0.25	alpha			True	1.7171	20363	689	1484.2256691099524	-0.1271039458459048	-0.1658805074392406	-0.1323021235793148	-0.1214068614545845	-0.1730176364311571	-0.1598745966886126	0.0360692771084337	0.2461519667725384	0.2461519667725384	3	True
acetylation_k	2	0.5	alpha			True	1.7171	20363	689	790.757861158233	-0.1647759234906511	-0.1957750697213193	-0.1699805617772638	-0.1589446364671328	-0.2010773956420612	-0.1903964617448203	0.0360692771084337	0.2461519667725384	0.2461519667725384	3	True
acetylation_k	2	0.75	alpha			True	1.7171	20363	689	322.0531269228031	-0.1950077706691993	-0.2187048911676117	-0.1992080361756494	-0.1910928743286418	-0.2223958282397642	-0.2148028775631982	0.0360692771084337	0.2461519667725384	0.2461519667725384	3	True
acetylation_k	2	1.0	alpha			True	1.7171	20363	689	0.0	-0.2193898836905323	-0.2362399094259551	-0.2193898836905323	-0.2193898836905323	-0.2362399094259551	-0.2362399094259551	0.0360692771084337	0.2461519667725384	0.2461519667725384	3	True
acetylation_k	2	0.1728803940056135	inflation	1.5	1.5	True	1.7171	20363	689	1761.0000000000002	-0.1140428871194969	-0.1544483241355043	-0.1203079769340509	-0.1067123186822303	-0.1607464156125164	-0.1475641801615699	0.0360692771084337	0.2461519667725384	0.2461519667725384	3	True
acetylation_k	2	0.4614796904091013	inflation	1.25	1.25	True	1.7171	20363	689	880.5000000000001	-0.1596114570963054	-0.1915145883750054	-0.1652444789517651	-0.1538894756979129	-0.1972509097650186	-0.1858124275802883	0.0360692771084337	0.2461519667725384	0.2461519667725384	3	True
acetylation_k	2	0.730713356741479	inflation	1.1	1.1	True	1.7171	20363	689	352.2000000000004	-0.1932888018596104	-0.2172121179332769	-0.1978942029257635	-0.1895557279276839	-0.2207565444760865	-0.2138143743861606	0.0360692771084337	0.2461519667725384	0.2461519667725384	3	True
glycosylation_n	0	0.0	alpha			True	1.4201	4897	313	339.833622394115	-0.0082725154388611	-0.0417407368676924	-0.0177543024784198	0.0027534879051956	-0.0531397500327835	-0.0295898059924374	0.050771333723882	0.1646937725167267	0.1646937725167267	3	True
glycosylation_n	0	0.25	alpha			True	1.4201	4897	313	219.0317710379053	-0.0144914433358331	-0.0514413025349223	-0.0231321885517126	-0.0050257358741838	-0.0601443874027219	-0.0423832159732803	0.050771333723882	0.1646937725167267	0.1646937725167267	3	True
glycosylation_n	0	0.5	alpha			True	1.4201	4897	313	126.46911078448886	-0.0207352188074223	-0.0599004090157781	-0.0292330755548674	-0.0126547680018137	-0.0684065113626893	-0.0499945420726194	0.050771333723882	0.1646937725167267	0.1646937725167267	3	True
glycosylation_n	0	0.75	alpha			True	1.4201	4897	313	55.19323970377049	-0.0254301754959155	-0.0677085792012477	-0.0306991499257531	-0.020295381967325	-0.0732567442966551	-0.0608205768281322	0.050771333723882	0.1646937725167267	0.1646937725167267	3	True
glycosylation_n	0	1.0	alpha			True	1.4201	4897	313	0.0	-0.030180437059596	-0.0744469042264862	-0.030180437059596	-0.030180437059596	-0.0744469042264862	-0.0744469042264862	0.050771333723882	0.1646937725167267	0.1646937725167267	3	True
glycosylation_n	0	0.0	inflation	1.5	1.4201	False	1.4201	4897	313	339.833622394115	-0.0082725154388611	-0.0417407368676924	-0.0177543024784198	0.0027534879051956	-0.0531397500327835	-0.0295898059924374	0.050771333723882	0.1646937725167267	0.1646937725167267	3	True
glycosylation_n	0	0.2906916506546816	inflation	1.25	1.25	True	1.4201	4897	313	202.25000000000003	-0.0160833973817717	-0.0536588738123046	-0.0245035449541581	-0.0069878670497778	-0.0661154098380818	-0.0431881003784868	0.050771333723882	0.1646937725167267	0.1646937725167267	3	True
glycosylation_n	0	0.6522250866520343	inflation	1.1	1.1	True	1.4201	4897	313	80.9000000000001	-0.0241878754517375	-0.0650928298179424	-0.0301751552030506	-0.0183977585214641	-0.0728399489900467	-0.0588654384403028	0.050771333723882	0.1646937725167267	0.1646937725167267	3	True
glycosylation_n	1	0.0	alpha			True	1.2483	5056	305	219.28998154566767	-0.0527752958789228	-0.1742105454299659	-0.0617603312811614	-0.0439207039442816	-0.1866870341028783	-0.1622520218867749	0.0613053211641122	0.1393650793650793	0.1393650793650793	2	True
glycosylation_n	1	0.25	alpha			True	1.2483	5056	305	146.85395146746168	-0.0652166629398456	-0.193941793344342	-0.0733060679289073	-0.0568366344969522	-0.2052289489395428	-0.1838882940519538	0.0613053211641122	0.1393650793650793	0.1393650793650793	2	True
glycosylation_n	1	0.5	alpha			True	1.2483	5056	305	87.72948108716076	-0.0760657025392209	-0.2107052393015971	-0.0821902632078478	-0.0685500935144082	-0.219017047477314	-0.2005110437887981	0.0613053211641122	0.1393650793650793	0.1393650793650793	2	True
glycosylation_n	1	0.75	alpha			True	1.2483	5056	305	39.44824351930569	-0.0858772906976891	-0.226173272678325	-0.0899075959661508	-0.0812948857175568	-0.2314439064361502	-0.2201080231065159	0.0613053211641122	0.1393650793650793	0.1393650793650793	2	True
glycosylation_n	1	1.0	alpha			True	1.2483	5056	305	0.0	-0.0946631787859124	-0.2401181807071833	-0.0946631787859124	-0.0946631787859124	-0.2401181807071833	-0.2401181807071833	0.0613053211641122	0.1393650793650793	0.1393650793650793	2	True
glycosylation_n	1	0.0	inflation	1.25	1.2483	False	1.2483	5056	305	219.28998154566767	-0.0527752958789228	-0.1742105454299659	-0.0617603312811614	-0.0439207039442816	-0.1866870341028783	-0.1622520218867749	0.0613053211641122	0.1393650793650793	0.1393650793650793	2	True
glycosylation_n	1	0.0	inflation	1.5	1.2483	False	1.2483	5056	305	219.28998154566767	-0.0527752958789228	-0.1742105454299659	-0.0617603312811614	-0.0439207039442816	-0.1866870341028783	-0.1622520218867749	0.0613053211641122	0.1393650793650793	0.1393650793650793	2	True
glycosylation_n	1	0.4973285581683894	inflation	1.1	1.1	True	1.2483	5056	305	88.30000000000007	-0.0762138994429472	-0.2109817233793971	-0.0818272586605448	-0.068903073923158	-0.2192279774344215	-0.2028475699049102	0.0613053211641122	0.1393650793650793	0.1393650793650793	2	True
glycosylation_n	2	0.0	alpha			True	1.223	4247	266	157.62903025073166	-0.0383383768061412	-0.0989318789823106	-0.04827756290617	-0.0280552019120636	-0.1087826077049393	-0.086673629944022	0.0580675868633983	0.1280632411067193	0.1280632411067193	2	True
glycosylation_n	2	0.25	alpha			True	1.223	4247	266	106.84780572678332	-0.0494303364360072	-0.1114161432651642	-0.0588029551375445	-0.0402537280410915	-0.1218158385617238	-0.1018516272287916	0.0580675868633983	0.1280632411067193	0.1280632411067193	2	True
glycosylation_n	2	0.5	alpha			True	1.223	4247	266	64.6058408553319	-0.0588664738984331	-0.1223067055126636	-0.0661497258673838	-0.0504083796423942	-0.1304061675558274	-0.1129816505532275	0.0580675868633983	0.1280632411067193	0.1280632411067193	2	True
glycosylation_n	2	0.75	alpha			True	1.223	4247	266	29.401247535409333	-0.0673691081873001	-0.1317275815114086	-0.0730137625680241	-0.0612971411210541	-0.1379531954201443	-0.1260015527837256	0.0580675868633983	0.1280632411067193	0.1280632411067193	2	True
glycosylation_n	2	1.0	alpha			True	1.223	4247	266	0.0	-0.0748909212955193	-0.1404349953077396	-0.0748909212955193	-0.0748909212955193	-0.1404349953077396	-0.1404349953077396	0.0580675868633983	0.1280632411067193	0.1280632411067193	2	True
glycosylation_n	2	0.0	inflation	1.25	1.223	False	1.223	4247	266	157.62903025073166	-0.0383383768061412	-0.0989318789823106	-0.04827756290617	-0.0280552019120636	-0.1087826077049393	-0.086673629944022	0.0580675868633983	0.1280632411067193	0.1280632411067193	2	True
glycosylation_n	2	0.0	inflation	1.5	1.223	False	1.223	4247	266	157.62903025073166	-0.0383383768061412	-0.0989318789823106	-0.04827756290617	-0.0280552019120636	-0.1087826077049393	-0.086673629944022	0.0580675868633983	0.1280632411067193	0.1280632411067193	2	True
glycosylation_n	2	0.4609848786609943	inflation	1.1	1.1	True	1.223	4247	266	70.70000000000007	-0.057151291930283	-0.1205750255855658	-0.0648613343997906	-0.0489058308108549	-0.1293163168882369	-0.111777977524029	0.0580675868633983	0.1280632411067193	0.1280632411067193	2	True
methylation_k	0	0.0	alpha			True	1.187	9669	601	307.4011762418677	-0.2118516044732004	-0.199904840575218	-0.2208544216304758	-0.2026167503229801	-0.2079741051002991	-0.1928640484639265	0.0168310399811019	0.0667036728652049	0.0667036728652049	2	True
methylation_k	0	0.25	alpha			True	1.187	9669	601	191.46077175858196	-0.2309968281449953	-0.2109101669777914	-0.2392072877032704	-0.2227783005551595	-0.2179819848220845	-0.2044476768434742	0.0168310399811019	0.0667036728652049	0.0667036728652049	2	True
methylation_k	0	0.5	alpha			True	1.187	9669	601	107.02180832041768	-0.2458334146426504	-0.2188016990180449	-0.2512664906828003	-0.240480055120559	-0.2238267413364554	-0.214630508169584	0.0168310399811019	0.0667036728652049	0.0667036728652049	2	True
methylation_k	0	0.75	alpha			True	1.187	9669	601	45.29934655864841	-0.2576880172895362	-0.2253134229866911	-0.2611901009247154	-0.2536432573406682	-0.2281232954630104	-0.2227353444724688	0.0168310399811019	0.0667036728652049	0.0667036728652049	2	True
methylation_k	0	1.0	alpha			True	1.187	9669	601	0.0	-0.2665494842000742	-0.2297866152735146	-0.2665494842000743	-0.2665494842000743	-0.2297866152735146	-0.2297866152735146	0.0168310399811019	0.0667036728652049	0.0667036728652049	2	True
methylation_k	0	0.0	inflation	1.25	1.187	False	1.187	9669	601	307.4011762418677	-0.2118516044732004	-0.199904840575218	-0.2208544216304758	-0.2026167503229801	-0.2079741051002991	-0.1928640484639265	0.0168310399811019	0.0667036728652049	0.0667036728652049	2	True
methylation_k	0	0.0	inflation	1.5	1.187	False	1.187	9669	601	307.4011762418677	-0.2118516044732004	-0.199904840575218	-0.2208544216304758	-0.2026167503229801	-0.2079741051002991	-0.1928640484639265	0.0168310399811019	0.0667036728652049	0.0667036728652049	2	True
methylation_k	0	0.3218752367862757	inflation	1.1	1.1	True	1.187	9669	601	164.4000000000002	-0.2357411298347589	-0.2137029539715509	-0.2427347452075288	-0.2288848742368507	-0.2199473660640008	-0.2084637555844761	0.0168310399811019	0.0667036728652049	0.0667036728652049	2	True
methylation_k	1	0.0	alpha			True	1.1288	9257	541	188.73931583841613	-0.1991378417013982	-0.2036505997936898	-0.2074162008266915	-0.1903899711614484	-0.2109890195646847	-0.1959701890426202	0.0158869681283979	0.0509708737864077	0.0509708737864077	3	False
methylation_k	1	0.25	alpha			True	1.1288	9257	541	121.4586323012126	-0.2105437818490842	-0.2110576915526529	-0.2171318885254268	-0.2040267028813971	-0.2161743025386636	-0.2061368653415666	0.0158869681283979	0.0509708737864077	0.0509708737864077	3	False
methylation_k	1	0.5	alpha			True	1.1288	9257	541	69.99497181764605	-0.2203292203312814	-0.2177683781466056	-0.2257573548386448	-0.2142125557911516	-0.2218047640798425	-0.2122896933355519	0.0158869681283979	0.0509708737864077	0.0509708737864077	3	False
methylation_k	1	0.75	alpha			True	1.1288	9257	541	30.477478378779608	-0.2281498648895357	-0.2226849352652578	-0.2313424830382069	-0.2242576788051225	-0.2251904934657153	-0.2200462174149477	0.0158869681283979	0.0509708737864077	0.0509708737864077	3	False
methylation_k	1	1.0	alpha			True	1.1288	9257	541	0.0	-0.234086373702616	-0.2264490621925082	-0.2340863737026161	-0.2340863737026161	-0.2264490621925083	-0.2264490621925083	0.0158869681283979	0.0509708737864077	0.0509708737864077	3	False
methylation_k	1	0.0	inflation	1.25	1.1288	False	1.1288	9257	541	188.73931583841613	-0.1991378417013982	-0.2036505997936898	-0.2074162008266915	-0.1903899711614484	-0.2109890195646847	-0.1959701890426202	0.0158869681283979	0.0509708737864077	0.0509708737864077	3	False
methylation_k	1	0.0	inflation	1.5	1.1288	False	1.1288	9257	541	188.73931583841613	-0.1991378417013982	-0.2036505997936898	-0.2074162008266915	-0.1903899711614484	-0.2109890195646847	-0.1959701890426202	0.0158869681283979	0.0509708737864077	0.0509708737864077	3	False
methylation_k	1	0.148916408078216	inflation	1.1	1.1	True	1.1288	9257	541	146.50000000000017	-0.206488566255331	-0.2087276713319418	-0.21422663059638	-0.1975307432031255	-0.2150988107229406	-0.2033123982699146	0.0158869681283979	0.0509708737864077	0.0509708737864077	3	False
methylation_k	2	0.0	alpha			True	1.1558	9639	570	243.421075190256	-0.2046143186320753	-0.1831283489204548	-0.2126189180771392	-0.1964314778561344	-0.1911021339700221	-0.1758885031091502	0.0150671369345956	0.0575236759031918	0.0575236759031918	3	True
methylation_k	2	0.25	alpha			True	1.1558	9639	570	152.55817926156823	-0.218600118996401	-0.1910599534813201	-0.2254185984214938	-0.2107477668897747	-0.1974483098993281	-0.1861304249702716	0.0150671369345956	0.0575236759031918	0.0575236759031918	3	True
methylation_k	2	0.5	alpha			True	1.1558	9639	570	85.84545041747731	-0.2298782724018937	-0.1972512363073666	-0.2353644118075084	-0.2245410949535618	-0.2019515725598216	-0.1933124775751598	0.0150671369345956	0.0575236759031918	0.0575236759031918	3	True
methylation_k	2	0.75	alpha			True	1.1558	9639	570	36.59460991255204	-0.2387404923688435	-0.2020978700068137	-0.2423918198981541	-0.2348658235932914	-0.205001357676384	-0.1989993200453172	0.0150671369345956	0.0575236759031918	0.0575236759031918	3	True
methylation_k	2	1.0	alpha			True	1.1558	9639	570	0.0	-0.2456448710609803	-0.2060070522737481	-0.2456448710609804	-0.2456448710609804	-0.2060070522737481	-0.2060070522737481	0.0150671369345956	0.0575236759031918	0.0575236759031918	3	True
methylation_k	2	0.0	inflation	1.25	1.1558	False	1.1558	9639	570	243.421075190256	-0.2046143186320753	-0.1831283489204548	-0.2126189180771392	-0.1964314778561344	-0.1911021339700221	-0.1758885031091502	0.0150671369345956	0.0575236759031918	0.0575236759031918	3	True
methylation_k	2	0.0	inflation	1.5	1.1558	False	1.1558	9639	570	243.421075190256	-0.2046143186320753	-0.1831283489204548	-0.2126189180771392	-0.1964314778561344	-0.1911021339700221	-0.1758885031091502	0.0150671369345956	0.0575236759031918	0.0575236759031918	3	True
methylation_k	2	0.238334146268434	inflation	1.1	1.1	True	1.1558	9639	570	156.2000000000001	-0.217565223323621	-0.1904837538435198	-0.2245094820768968	-0.2103567135095736	-0.195880981780812	-0.1850708670524916	0.0150671369345956	0.0575236759031918	0.0575236759031918	3	True
methylation_r	0	0.0	alpha			True	1.2148	5882	396	222.782955806314	-0.1948365136379532	-0.2004005021800406	-0.2043519550659021	-0.1831252460274128	-0.210418541285427	-0.189779639367793	0.0357806691449814	0.1002606777621816	0.1002606777621816	3	True
methylation_r	0	0.25	alpha			True	1.2148	5882	396	146.23134918978056	-0.2148157523570056	-0.2132149253629587	-0.2246911456437463	-0.2040612362788418	-0.2226608886907098	-0.2039854996863178	0.0357806691449814	0.1002606777621816	0.1002606777621816	3	True
methylation_r	0	0.5	alpha			True	1.2148	5882	396	85.75179149517632	-0.2322217454392235	-0.2245214462250091	-0.2404165170403973	-0.2237706889620238	-0.2323063075255673	-0.2173503004161382	0.0357806691449814	0.1002606777621816	0.1002606777621816	3	True
methylation_r	0	0.75	alpha			True	1.2148	5882	396	37.90544490142502	-0.2473715582024189	-0.2340686587058802	-0.2526825016140296	-0.2415613107415268	-0.2393858140435277	-0.2291982482455968	0.0357806691449814	0.1002606777621816	0.1002606777621816	3	True
methylation_r	0	1.0	alpha			True	1.2148	5882	396	0.0	-0.2597086339992018	-0.2416119085202223	-0.2597086339992018	-0.2597086339992018	-0.2416119085202223	-0.2416119085202223	0.0357806691449814	0.1002606777621816	0.1002606777621816	3	True
methylation_r	0	0.0	inflation	1.25	1.2148	False	1.2148	5882	396	222.782955806314	-0.1948365136379532	-0.2004005021800406	-0.2043519550659021	-0.1831252460274128	-0.210418541285427	-0.189779639367793	0.0357806691449814	0.1002606777621816	0.1002606777621816	3	True
methylation_r	0	0.0	inflation	1.5	1.2148	False	1.2148	5882	396	222.782955806314	-0.1948365136379532	-0.2004005021800406	-0.2043519550659021	-0.1831252460274128	-0.210418541285427	-0.189779639367793	0.0357806691449814	0.1002606777621816	0.1002606777621816	3	True
methylation_r	0	0.4194939306324138	inflation	1.1	1.1	True	1.2148	5882	396	103.70000000000007	-0.2274645933161156	-0.2217113001216525	-0.2370462851425441	-0.2188312813028572	-0.230648984506607	-0.2145651630566438	0.0357806691449814	0.1002606777621816	0.1002606777621816	3	True
methylation_r	1	0.0	alpha			True	1.244	5687	364	217.91537321549836	-0.1658995479463587	-0.2107346416118344	-0.1779943196816729	-0.1542722075897187	-0.2222675964230457	-0.2006250581673531	0.0318590704647676	0.0923476005188067	0.0923476005188067	3	False
methylation_r	1	0.25	alpha			True	1.244	5687	364	142.9941473169421	-0.1813657022560042	-0.2243287145808882	-0.192975683558128	-0.1703825989337156	-0.2340907299695409	-0.2146404825555157	0.0318590704647676	0.0923476005188067	0.0923476005188067	3	False
methylation_r	1	0.5	alpha			True	1.244	5687	364	83.84918875699407	-0.1959682251712745	-0.2366282377452976	-0.2057501383673098	-0.1871404470526173	-0.244678125827416	-0.2287488014898241	0.0318590704647676	0.0923476005188067	0.0923476005188067	3	False
methylation_r	1	0.75	alpha			True	1.244	5687	364	37.07069101952423	-0.2084786583809578	-0.2473771550391319	-0.2145707959350191	-0.201584727131609	-0.2525724936673327	-0.2416595644481118	0.0318590704647676	0.0923476005188067	0.0923476005188067	3	False
methylation_r	1	1.0	alpha			True	1.244	5687	364	0.0	-0.2192565501576486	-0.2564200330515276	-0.2192565501576486	-0.2192565501576486	-0.2564200330515276	-0.2564200330515276	0.0318590704647676	0.0923476005188067	0.0923476005188067	3	False
methylation_r	1	0.0	inflation	1.25	1.244	False	1.244	5687	364	217.91537321549836	-0.1658995479463587	-0.2107346416118344	-0.1779943196816729	-0.1542722075897187	-0.2222675964230457	-0.2006250581673531	0.0318590704647676	0.0923476005188067	0.0923476005188067	3	False
methylation_r	1	0.0	inflation	1.5	1.244	False	1.244	5687	364	217.91537321549836	-0.1658995479463587	-0.2107346416118344	-0.1779943196816729	-0.1542722075897187	-0.2222675964230457	-0.2006250581673531	0.0318590704647676	0.0923476005188067	0.0923476005188067	3	False
methylation_r	1	0.4743366440020012	inflation	1.1	1.1	True	1.244	5687	364	89.30000000000007	-0.1946179042123817	-0.2356759200200444	-0.2034462901375189	-0.1829789737298016	-0.2437174903676896	-0.227011781226075	0.0318590704647676	0.0923476005188067	0.0923476005188067	3	False
methylation_r	2	0.0	alpha			True	1.2383	5905	385	229.23572679047345	-0.1415013815708898	-0.1457791711349939	-0.1519830898144058	-0.1307095008235496	-0.1577846957466583	-0.1347787339040788	0.0285522337924084	0.096138482023968	0.096138482023968	3	True
methylation_r	2	0.25	alpha			True	1.2383	5905	385	148.34717479179247	-0.1580738549509096	-0.1565041405805581	-0.1666605417192581	-0.1476342144819711	-0.1651791110174438	-0.1467626257381518	0.0285522337924084	0.096138482023968	0.096138482023968	3	True
methylation_r	2	0.5	alpha			True	1.2383	5905	385	86.02574430750494	-0.1716145404305409	-0.1650095429035198	-0.1795546656349546	-0.1618372080414652	-0.1735293908307552	-0.1567430503148127	0.0285522337924084	0.096138482023968	0.096138482023968	3	True
methylation_r	2	0.75	alpha			True	1.2383	5905	385	37.71080145782877	-0.1832643406881791	-0.1721877009222575	-0.1882261351877236	-0.1772259719315139	-0.1765964582558184	-0.1669047292105414	0.0285522337924084	0.096138482023968	0.096138482023968	3	True
methylation_r	2	1.0	alpha			True	1.2383	5905	385	0.0	-0.1924460681288518	-0.1776385958067651	-0.1924460681288518	-0.1924460681288518	-0.1776385958067651	-0.1776385958067651	0.0285522337924084	0.096138482023968	0.096138482023968	3	True
methylation_r	2	0.0	inflation	1.25	1.2383	False	1.2383	5905	385	229.23572679047345	-0.1415013815708898	-0.1457791711349939	-0.1519830898144058	-0.1307095008235496	-0.1577846957466583	-0.1347787339040788	0.0285522337924084	0.096138482023968	0.096138482023968	3	True
methylation_r	2	0.0	inflation	1.5	1.2383	False	1.2383	5905	385	229.23572679047345	-0.1415013815708898	-0.1457791711349939	-0.1519830898144058	-0.1307095008235496	-0.1577846957466583	-0.1347787339040788	0.0285522337924084	0.096138482023968	0.096138482023968	3	True
methylation_r	2	0.4545407596835074	inflation	1.1	1.1	True	1.2383	5905	385	96.20000000000007	-0.1688020479974376	-0.1631208079385396	-0.1760882293583058	-0.1580568530948332	-0.1708318103099475	-0.1542007717670231	0.0285522337924084	0.096138482023968	0.096138482023968	3	True
phosphorylation_st	0	0.0	alpha			True	1.67	109067	1343	12653.74592507576	0.0179635847496851	-0.0393663612054917	0.0160267627546328	0.0196486975840779	-0.0421256822992747	-0.0364863698040625	0.0248975732745036	0.2739655747377061	0.2739655747377061	5	True
phosphorylation_st	0	0.25	alpha			True	1.67	109067	1343	7668.730066386495	0.0010257596051813	-0.0716404248203722	-0.0009684482289152	0.0029892357912	-0.0748243811067925	-0.0687030022987494	0.0248975732745036	0.2739655747377061	0.2739655747377061	5	True
phosphorylation_st	0	0.5	alpha			True	1.67	109067	1343	4231.53276161252	-0.010792533157484	-0.0965561222126711	-0.0123251919378702	-0.0093604223977669	-0.0987048608913279	-0.0944700375534048	0.0248975732745036	0.2739655747377061	0.2739655747377061	5	True
phosphorylation_st	0	0.75	alpha			True	1.67	109067	1343	1787.9235703441866	-0.0189092695612302	-0.116019419111005	-0.0199598804247508	-0.0177886818298332	-0.1176814371633868	-0.1142762976831826	0.0248975732745036	0.2739655747377061	0.2739655747377061	5	True
phosphorylation_st	0	1.0	alpha			True	1.67	109067	1343	0.0	-0.0244265828888867	-0.131372372730405	-0.0244265828888867	-0.0244265828888867	-0.131372372730405	-0.131372372730405	0.0248975732745036	0.2739655747377061	0.2739655747377061	5	True
phosphorylation_st	0	0.1496170150686863	inflation	1.5	1.5	True	1.67	109067	1343	9443.000000000002	0.0070059027455052	-0.0597346641874455	0.0052290921216362	0.0089125083011265	-0.0626969115460684	-0.057307252180803	0.0248975732745036	0.2739655747377061	0.2739655747377061	5	True
phosphorylation_st	0	0.4585169747756984	inflation	1.25	1.25	True	1.67	109067	1343	4721.5	-0.0091850489795029	-0.0928890924579036	-0.0107948285702385	-0.0080020721294805	-0.0951532354259633	-0.0908128116687043	0.0248975732745036	0.2739655747377061	0.2739655747377061	5	True
phosphorylation_st	0	0.7379453533461524	inflation	1.1	1.1	True	1.67	109067	1343	1888.6000000000024	-0.0185684161932853	-0.1151777131506353	-0.0194921257531116	-0.0175225805137104	-0.1166135857209022	-0.1135829481683441	0.0248975732745036	0.2739655747377061	0.2739655747377061	5	True
phosphorylation_st	1	0.0	alpha			True	1.7405	104533	1250	12794.647114590478	0.0108465345418221	-0.0607903206687753	0.0092591746663356	0.0129349568211515	-0.0637570544599897	-0.0571411258492299	0.0226069130459541	0.2729651711765182	0.2729651711765182	5	True
phosphorylation_st	1	0.25	alpha			True	1.7405	104533	1250	7612.143058866689	-0.0090138553363153	-0.1028882132091265	-0.0108458271135669	-0.0071910464838695	-0.1056969498296228	-0.1004677392297599	0.0226069130459541	0.2729651711765182	0.2729651711765182	5	True
phosphorylation_st	1	0.5	alpha			True	1.7405	104533	1250	4135.603684772455	-0.0231324058326339	-0.1359197781589535	-0.0244666081740045	-0.0217025329103249	-0.1381139394213905	-0.1335877679572765	0.0226069130459541	0.2729651711765182	0.2729651711765182	5	True
phosphorylation_st	1	0.75	alpha			True	1.7405	104533	1250	1724.932129492962	-0.0327358166071971	-0.1616113532086484	-0.0338579260402965	-0.0316622132023252	-0.1634813285549556	-0.1596522875106782	0.0226069130459541	0.2729651711765182	0.2729651711765182	5	True
phosphorylation_st	1	1.0	alpha			True	1.7405	104533	1250	0.0	-0.0394047046222763	-0.1820047756321847	-0.0394047046222763	-0.0394047046222763	-0.1820047756321846	-0.1820047756321846	0.0226069130459541	0.2729651711765182	0.2729651711765182	5	True
phosphorylation_st	1	0.1915729176594118	inflation	1.5	1.5	True	1.7405	104533	1250	8639.500000000002	-0.0049754814904186	-0.094000573664199	-0.0066734566424884	-0.0031821124757881	-0.0974077383605744	-0.0907698602670131	0.0226069130459541	0.2729651711765182	0.2729651711765182	5	True
phosphorylation_st	1	0.4841083830590497	inflation	1.25	1.25	True	1.7405	104533	1250	4319.75	-0.0222446181545598	-0.134004956914828	-0.0236363645888214	-0.0206277195006669	-0.1363126602750599	-0.1314532137961283	0.0226069130459541	0.2729651711765182	0.2729651711765182	5	True
phosphorylation_st	1	0.7496327015640334	inflation	1.1	1.1	True	1.7405	104533	1250	1727.9000000000028	-0.0326745802002853	-0.1615522448762845	-0.0338693467154459	-0.0315540738955662	-0.1630723694014313	-0.1597064031622978	0.0226069130459541	0.2729651711765182	0.2729651711765182	5	True
phosphorylation_st	2	0.0	alpha			True	1.6868	108636	1328	12767.524456631938	0.0153605806036806	-0.0307705006650455	0.0137248633771616	0.0170041925621214	-0.033412347598789	-0.0279794327709316	0.0255419885372539	0.2736478883804666	0.2736478883804666	5	True
phosphorylation_st	2	0.25	alpha			True	1.6868	108636	1328	7747.671680495321	0.0027779128573784	-0.0567256354610359	0.0010868719606077	0.0045063713881885	-0.05928644599775	-0.0541795185758698	0.0255419885372539	0.2736478883804666	0.2736478883804666	5	True
phosphorylation_st	2	0.5	alpha			True	1.6868	108636	1328	4274.592562651971	-0.0059078095636326	-0.0770090451277267	-0.0073651263704059	-0.0047303841684345	-0.079110531151832	-0.0752745189702565	0.0255419885372539	0.2736478883804666	0.2736478883804666	5	True
phosphorylation_st	2	0.75	alpha			True	1.6868	108636	1328	1803.803312839207	-0.0118689366009251	-0.0927034187536123	-0.0127090602286396	-0.0108546107098326	-0.0939650267133995	-0.0911308484566334	0.0255419885372539	0.2736478883804666	0.2736478883804666	5	True
phosphorylation_st	2	1.0	alpha			True	1.6868	108636	1328	0.0	-0.0158335273548608	-0.105213020728302	-0.0158335273548608	-0.0158335273548608	-0.105213020728302	-0.105213020728302	0.0255419885372539	0.2736478883804666	0.2736478883804666	5	True
phosphorylation_st	2	0.1623417880140677	inflation	1.5	1.5	True	1.6868	108636	1328	9295.000000000004	0.0067873340128841	-0.0481981015076833	0.0050923321999563	0.008487175891647	-0.0506219846405887	-0.0453517640136738	0.0255419885372539	0.2736478883804666	0.2736478883804666	5	True
phosphorylation_st	2	0.4685608942318374	inflation	1.25	1.25	True	1.6868	108636	1328	4647.499999999999	-0.0050510488651296	-0.0746888768720142	-0.0066701118514932	-0.0035531203645733	-0.0769658209012054	-0.0725529926371311	0.0255419885372539	0.2736478883804666	0.2736478883804666	5	True
phosphorylation_st	2	0.7434368424912572	inflation	1.1	1.1	True	1.6868	108636	1328	1859.0000000000016	-0.0117211432366253	-0.0923741386146525	-0.0126405073987638	-0.0107501839329081	-0.0939909986580023	-0.0909092890942497	0.0255419885372539	0.2736478883804666	0.2736478883804666	5	True
phosphorylation_y	0	0.0	alpha			True	1.1113	7010	500	127.98270511753864	0.0264937977973696	0.0316560905092587	0.0222599044597213	0.0313576063134808	0.0246055008849863	0.0381475666280404	0.0883602378929481	0.1225194132873166	0.1333819241982507	3	False
phosphorylation_y	0	0.25	alpha			True	1.1113	7010	500	92.48275949938365	0.0252827505062541	0.0303989912459416	0.0208218860851945	0.0293701031116656	0.024976910925216	0.0366759078081176	0.0883602378929481	0.1225194132873166	0.1333819241982507	3	False
phosphorylation_y	0	0.5	alpha			True	1.1113	7010	500	59.4476304092416	0.0240036900457889	0.0293831247711345	0.0206124229967038	0.0278579539790067	0.0252055120125319	0.0342743034896657	0.0883602378929481	0.1225194132873166	0.1333819241982507	3	False
phosphorylation_y	0	0.75	alpha			True	1.1113	7010	500	28.6802004087124	0.0230011299428503	0.0283735240083853	0.0205754151758714	0.0256115250558765	0.0253335802035371	0.0322181277777379	0.0883602378929481	0.1225194132873166	0.1333819241982507	3	False
phosphorylation_y	0	1.0	alpha			True	1.1113	7010	500	0.0	0.0217964089627541	0.027124805080928	0.0217964089627541	0.0217964089627541	0.027124805080928	0.027124805080928	0.0883602378929481	0.1225194132873166	0.1333819241982507	3	False
phosphorylation_y	0	0.0	inflation	1.25	1.1113	False	1.1113	7010	500	127.98270511753864	0.0264937977973696	0.0316560905092587	0.0222599044597213	0.0313576063134808	0.0246055008849863	0.0381475666280404	0.0883602378929481	0.1225194132873166	0.1333819241982507	3	False
phosphorylation_y	0	0.0	inflation	1.5	1.1113	False	1.1113	7010	500	127.98270511753864	0.0264937977973696	0.0316560905092587	0.0222599044597213	0.0313576063134808	0.0246055008849863	0.0381475666280404	0.0883602378929481	0.1225194132873166	0.1333819241982507	3	False
phosphorylation_y	0	0.089341988321342	inflation	1.1	1.1	True	1.1113	7010	500	115.00000000000011	0.025949628782514	0.0311368434420919	0.0217505345544829	0.0304550067167672	0.0255461955562665	0.0367784026003106	0.0883602378929481	0.1225194132873166	0.1333819241982507	3	False
phosphorylation_y	1	0.0	alpha			True	1.1015	6859	469	119.584966989511	0.0213485815495744	0.0232902320428901	0.0176982440400153	0.0254635961598864	0.0165026482739557	0.0301298163689516	0.0913461538461538	0.1375786163522012	0.1375786163522012	5	False
phosphorylation_y	1	0.25	alpha			True	1.1015	6859	469	85.98983254645981	0.0192148163343793	0.0213350275866964	0.0154679097138637	0.0235798295209036	0.0155852432321967	0.0271599976856786	0.0913461538461538	0.1375786163522012	0.1375786163522012	5	False
phosphorylation_y	1	0.5	alpha			True	1.1015	6859	469	55.01210805715591	0.0170920085478017	0.0189327617763566	0.0141412303282431	0.020290931521872	0.0145129246408253	0.0249410309171309	0.0913461538461538	0.1375786163522012	0.1375786163522012	5	False
phosphorylation_y	1	0.75	alpha			True	1.1015	6859	469	26.419177846001556	0.0155109844352271	0.0168934289598009	0.0135042585215044	0.017765224541549	0.0138337887511118	0.0205921371547375	0.0913461538461538	0.1375786163522012	0.1375786163522012	5	False
phosphorylation_y	1	1.0	alpha			True	1.1015	6859	469	0.0	0.0138897148897421	0.0151698284995441	0.0138897148897421	0.0138897148897421	0.0151698284995441	0.0151698284995441	0.0913461538461538	0.1375786163522012	0.1375786163522012	5	False
phosphorylation_y	1	0.0	inflation	1.25	1.1015	False	1.1015	6859	469	119.584966989511	0.0213485815495744	0.0232902320428901	0.0176982440400153	0.0254635961598864	0.0165026482739557	0.0301298163689516	0.0913461538461538	0.1375786163522012	0.1375786163522012	5	False
phosphorylation_y	1	0.0	inflation	1.5	1.1015	False	1.1015	6859	469	119.584966989511	0.0213485815495744	0.0232902320428901	0.0176982440400153	0.0254635961598864	0.0165026482739557	0.0301298163689516	0.0913461538461538	0.1375786163522012	0.1375786163522012	5	False
phosphorylation_y	1	0.0127811970273667	inflation	1.1	1.1	True	1.1015	6859	469	117.80000000000013	0.0207775725967892	0.0226079872062353	0.0168403899455548	0.0243952050430793	0.0170782991263782	0.0291169526285476	0.0913461538461538	0.1375786163522012	0.1375786163522012	5	False
phosphorylation_y	2	0.0	alpha			True	1.2126	7095	493	243.4170022571584	0.0133123024966953	0.003545965444873	0.0072481269674256	0.0199977395401045	-0.0023539660063399	0.0104631534559316	0.1050656660412758	0.1494071146245059	0.1494071146245059	5	False
phosphorylation_y	2	0.25	alpha			True	1.2126	7095	493	173.19684353272757	0.0121507456365574	0.0013021294619504	0.0072298889246874	0.0174425267140178	-0.0046818782267591	0.007191724914018	0.1050656660412758	0.1494071146245059	0.1494071146245059	5	False
phosphorylation_y	2	0.5	alpha			True	1.2126	7095	493	109.6371378514794	0.0109268302521637	-0.0010693156714009	0.0066584990491826	0.0152080636383741	-0.0063521931741437	0.0043532226697946	0.1050656660412758	0.1494071146245059	0.1494071146245059	5	False
phosphorylation_y	2	0.75	alpha			True	1.2126	7095	493	52.0975143160747	0.009872764734479	-0.0027520925162726	0.0070838212665127	0.0129963494240766	-0.0060922802903597	0.001716804428794	0.1050656660412758	0.1494071146245059	0.1494071146245059	5	False
phosphorylation_y	2	1.0	alpha			True	1.2126	7095	493	0.0	0.0090458331804337	-0.0045898025203316	0.0090458331804337	0.0090458331804337	-0.0045898025203316	-0.0045898025203316	0.1050656660412758	0.1494071146245059	0.1494071146245059	5	False
phosphorylation_y	2	0.0	inflation	1.25	1.2126	False	1.2126	7095	493	243.4170022571584	0.0133123024966953	0.003545965444873	0.0072481269674256	0.0199977395401045	-0.0023539660063399	0.0104631534559316	0.1050656660412758	0.1494071146245059	0.1494071146245059	5	False
phosphorylation_y	2	0.0	inflation	1.5	1.2126	False	1.2126	7095	493	243.4170022571584	0.0133123024966953	0.003545965444873	0.0072481269674256	0.0199977395401045	-0.0023539660063399	0.0104631534559316	0.1050656660412758	0.1494071146245059	0.1494071146245059	5	False
phosphorylation_y	2	0.4799684304058179	inflation	1.1	1.1	True	1.2126	7095	493	114.50000000000006	0.0111733333393072	-0.0005347906823454	0.006931902793186	0.015414736049937	-0.0056691400117373	0.0047821609838448	0.1050656660412758	0.1494071146245059	0.1494071146245059	5	False
sumoylation_k	0	0.0	alpha			True	1.9766	21890	629	3654.459550318608	-0.0146572372922382	-0.0419285710839274	-0.0207876110453916	-0.0092772944411221	-0.0478699819274912	-0.0355462903945869	0.0385141534252341	0.3147128245476003	0.3147128245476003	4	True
sumoylation_k	0	0.25	alpha			True	1.9766	21890	629	2133.587097807687	-0.0344862137978927	-0.0678510619169739	-0.0397487426565252	-0.029722262503408	-0.0749879912650122	-0.0615480482488224	0.0385141534252341	0.3147128245476003	0.3147128245476003	4	True
sumoylation_k	0	0.5	alpha			True	1.9766	21890	629	1133.767826862221	-0.0513744677919486	-0.0885469735199433	-0.0557271645514638	-0.0472730315220728	-0.0938525470733049	-0.0832168318720787	0.0385141534252341	0.3147128245476003	0.3147128245476003	4	True
sumoylation_k	0	0.75	alpha			True	1.9766	21890	629	462.0481277305908	-0.0649245772920429	-0.1048786359449882	-0.0679620960108251	-0.0616291954336012	-0.1075567316373437	-0.1014737921323907	0.0385141534252341	0.3147128245476003	0.3147128245476003	4	True
sumoylation_k	0	1.0	alpha			True	1.9766	21890	629	0.0	-0.0760572963413713	-0.1177653920644693	-0.0760572963413713	-0.0760572963413713	-0.1177653920644693	-0.1177653920644693	0.0385141534252341	0.3147128245476003	0.3147128245476003	4	True
sumoylation_k	0	0.3063836228305535	inflation	1.5	1.5	True	1.9766	21890	629	1871.000000000001	-0.0389459489383779	-0.0731802517214479	-0.044724584132082	-0.0333451826559525	-0.0799239559721109	-0.0663381983963767	0.0385141534252341	0.3147128245476003	0.3147128245476003	4	True
sumoylation_k	0	0.5642708407343147	inflation	1.25	1.25	True	1.9766	21890	629	935.5	-0.0548223673119811	-0.0925821892027187	-0.0589887900694962	-0.0500999082256609	-0.0970946463856406	-0.0873519310555466	0.0385141534252341	0.3147128245476003	0.3147128245476003	4	True
sumoylation_k	0	0.7910404152600858	inflation	1.1	1.1	True	1.9766	21890	629	374.20000000000033	-0.0668700638430034	-0.10698430924029	-0.0698741590115887	-0.0637930775885301	-0.1103982012379991	-0.1038168798851904	0.0385141534252341	0.3147128245476003	0.3147128245476003	4	True
sumoylation_k	1	0.0	alpha			True	2.0171	26404	649	4307.571716583639	-0.0116782901759988	-0.0482518879551227	-0.016168629085492	-0.0069151085011048	-0.0542370996563093	-0.0423277432145455	0.0325911294666906	0.3008480467120812	0.3008480467120812	4	True
sumoylation_k	1	0.25	alpha			True	2.0171	26404	649	2488.8103619039084	-0.0292260457380641	-0.0734582069805169	-0.033912360238915	-0.0248567119073895	-0.0791941733006049	-0.0675789308515276	0.0325911294666906	0.3008480467120812	0.3008480467120812	4	True
sumoylation_k	1	0.5	alpha			True	2.0171	26404	649	1312.981650606096	-0.0443646745118592	-0.0938106948030695	-0.0482648023359179	-0.0402033783830388	-0.0988805991441738	-0.088705009161593	0.0325911294666906	0.3008480467120812	0.3008480467120812	4	True
sumoylation_k	1	0.75	alpha			True	2.0171	26404	649	532.680152273756	-0.0563037166787197	-0.110399890716256	-0.0592689960996049	-0.0534770911984802	-0.1142661654713851	-0.1071452176980854	0.0325911294666906	0.3008480467120812	0.3008480467120812	4	True
sumoylation_k	1	1.0	alpha			True	2.0171	26404	649	0.0	-0.0661667006530226	-0.1241759154139299	-0.0661667006530226	-0.0661667006530226	-0.1241759154139299	-0.1241759154139299	0.0325911294666906	0.3008480467120812	0.3008480467120812	4	True
sumoylation_k	1	0.3181114899321924	inflation	1.5	1.5	True	2.0171	26404	649	2117.4999999999995	-0.0337317299674943	-0.0794824514243262	-0.0384023618465325	-0.02890693640965	-0.0849134151009342	-0.0739507492604012	0.0325911294666906	0.3008480467120812	0.3008480467120812	4	True
sumoylation_k	1	0.5710802662829182	inflation	1.25	1.25	True	2.0171	26404	649	1058.75	-0.0479524251381854	-0.0991551183974122	-0.0514499581752811	-0.0444949745562232	-0.1043703118265287	-0.0938333942203925	0.0325911294666906	0.3008480467120812	0.3008480467120812	4	True
sumoylation_k	1	0.7942525240884417	inflation	1.1	1.1	True	2.0171	26404	649	423.5000000000006	-0.0582592492481721	-0.1130529973313774	-0.0608898550203119	-0.0552618024824707	-0.1160650429439787	-0.109799883737989	0.0325911294666906	0.3008480467120812	0.3008480467120812	4	True
sumoylation_k	2	0.0	alpha			True	2.1134	22292	604	4048.425672956989	-0.0005792315169752	-0.024119147843792	-0.005615766037488	0.0051673316178192	-0.0313279671492695	-0.0170193432321469	0.0380633692355955	0.3236892583120204	0.3236892583120204	4	True
sumoylation_k	2	0.25	alpha			True	2.1134	22292	604	2336.591766390892	-0.0188708372356356	-0.0467832629798562	-0.0241347581568273	-0.0137808244061891	-0.0543147307537762	-0.0405634386298095	0.0380633692355955	0.3236892583120204	0.3236892583120204	4	True
sumoylation_k	2	0.5	alpha			True	2.1134	22292	604	1226.3030418790004	-0.034117789593412	-0.0652609536000432	-0.0387678988129768	-0.0294784060083978	-0.0700180823351784	-0.0599564214129343	0.0380633692355955	0.3236892583120204	0.3236892583120204	4	True
sumoylation_k	2	0.75	alpha			True	2.1134	22292	604	493.2948565343688	-0.0466472190857314	-0.0793260178101133	-0.0498923622211691	-0.0436537861155997	-0.0822562979152407	-0.0759739454639878	0.0380633692355955	0.3236892583120204	0.3236892583120204	4	True
sumoylation_k	2	1.0	alpha			True	2.1134	22292	604	0.0	-0.0567503536910293	-0.0908638337142771	-0.0567503536910293	-0.0567503536910293	-0.0908638337142771	-0.0908638337142771	0.0380633692355955	0.3236892583120204	0.3236892583120204	4	True
sumoylation_k	2	0.3537813830581001	inflation	1.5	1.5	True	2.1134	22292	604	1818.0	-0.025287944643744	-0.0549205069671768	-0.0301306797740561	-0.020596410327436	-0.0609085120903012	-0.0487295003752497	0.0380633692355955	0.3236892583120204	0.3236892583120204	4	True
sumoylation_k	2	0.5960599068739982	inflation	1.25	1.25	True	2.1134	22292	604	908.9999999999995	-0.0391874187654806	-0.0709638297561035	-0.0434153607899645	-0.0355106718643946	-0.0768152642451996	-0.0658962677871987	0.0380633692355955	0.3236892583120204	0.3236892583120204	4	True
sumoylation_k	2	0.8069312297512412	inflation	1.1	1.1	True	2.1134	22292	604	363.60000000000014	-0.0492026120275589	-0.0822345538055606	-0.0522362120828478	-0.0461675031996558	-0.0853977412667288	-0.0788202764837484	0.0380633692355955	0.3236892583120204	0.3236892583120204	4	True
ubiquitination_k	0	0.0	alpha			True	1.5869	45935	1202	6242.593064401983	0.0126395485059246	0.0011737520143924	0.009532348716268	0.0158913604940622	-0.0040959247550431	0.0056648226482266	0.0646295521138551	0.3674451521585279	0.3674451521585279	4	True
ubiquitination_k	0	0.25	alpha			True	1.5869	45935	1202	3877.105815992559	0.0030539495225424	-0.0125308885363151	0.0007592278383126	0.0055030134485185	-0.0167159716809285	-0.0087979438885413	0.0646295521138551	0.3674451521585279	0.3674451521585279	4	True
ubiquitination_k	0	0.5	alpha			True	1.5869	45935	1202	2178.408072932599	-0.0044719110283252	-0.0231348426750778	-0.0064776720973237	-0.0022795833478158	-0.0263052796922309	-0.0195381482506578	0.0646295521138551	0.3674451521585279	0.3674451521585279	4	True
ubiquitination_k	0	0.75	alpha			True	1.5869	45935	1202	933.2339732457232	-0.0106371969576906	-0.0317607289297466	-0.012403428241345	-0.0091310310896498	-0.0342448739836692	-0.0293223453408211	0.0646295521138551	0.3674451521585279	0.3674451521585279	4	True
ubiquitination_k	0	1.0	alpha			True	1.5869	45935	1202	0.0	-0.0155362999468539	-0.0383491337647595	-0.0155362999468539	-0.0155362999468539	-0.0383491337647595	-0.0383491337647595	0.0646295521138551	0.3674451521585279	0.3674451521585279	4	True
ubiquitination_k	0	0.0878519790433543	inflation	1.5	1.5	True	1.5869	45935	1202	5318.0	0.0090494682288064	-0.0038265838948245	0.0061338966807375	0.0117118239126786	-0.0086412200515034	0.0003282303703249	0.0646295521138551	0.3674451521585279	0.3674451521585279	4	True
ubiquitination_k	0	0.4208098205532248	inflation	1.25	1.25	True	1.5869	45935	1202	2659.0	-0.0023712086334254	-0.0201120605536906	-0.0048816634056427	0.0009009338506231	-0.0238359059861475	-0.0154660375058745	0.0646295521138551	0.3674451521585279	0.3674451521585279	4	True
ubiquitination_k	0	0.7200692578323546	inflation	1.1	1.1	True	1.5869	45935	1202	1063.6000000000006	-0.0099648716903757	-0.0308456633334034	-0.0116563448672466	-0.0082267083766071	-0.0332871642445487	-0.0284700507166451	0.0646295521138551	0.3674451521585279	0.3674451521585279	4	True
ubiquitination_k	1	0.0	alpha			True	1.8155	46429	1114	8243.413424573275	0.0145939339941969	0.0068856089788548	0.0117043031335571	0.0181826197381381	0.0022906984436122	0.011207021203546	0.0419924703156675	0.3952791019529448	0.3952791019529448	5	True
ubiquitination_k	1	0.25	alpha			True	1.8155	46429	1114	4931.073136792747	0.0058988894325254	-0.0059765571416182	0.003200709230751	0.0086206152082369	-0.0097995135256492	-0.0025267724381735	0.0419924703156675	0.3952791019529448	0.3952791019529448	5	True
ubiquitination_k	1	0.5	alpha			True	1.8155	46429	1114	2692.206578612302	-0.0004969562141382	-0.0152424827825849	-0.0028142079515659	0.0017944053807732	-0.0187320246310312	-0.0119997520909267	0.0419924703156675	0.3952791019529448	0.3952791019529448	5	True
ubiquitination_k	1	0.75	alpha			True	1.8155	46429	1114	1128.6706897319173	-0.0052339734320429	-0.0223755634685646	-0.0067185563151911	-0.0038075548513277	-0.0245255557948989	-0.0199934892190349	0.0419924703156675	0.3952791019529448	0.3952791019529448	5	True
ubiquitination_k	1	1.0	alpha			True	1.8155	46429	1114	0.0	-0.0089361123446067	-0.0273429372761088	-0.0089361123446067	-0.0089361123446067	-0.0273429372761088	-0.0273429372761088	0.0419924703156675	0.3952791019529448	0.3952791019529448	5	True
ubiquitination_k	1	0.2386374813889345	inflation	1.5	1.5	True	1.8155	46429	1114	5054.500000000001	0.0063493516693979	-0.0053433521657846	0.003735716349311	0.0092222562250316	-0.0098686342468333	-0.0009620019388016	0.0419924703156675	0.3952791019529448	0.3952791019529448	5	True
ubiquitination_k	1	0.5226448809785158	inflation	1.25	1.25	True	1.8155	46429	1114	2527.249999999999	-0.000950140341192	-0.0162873705886681	-0.0029938993128222	0.0013794229793431	-0.0194221654957466	-0.0134497657432805	0.0419924703156675	0.3952791019529448	0.3952791019529448	5	True
ubiquitination_k	1	0.7727143162060142	inflation	1.1	1.1	True	1.8155	46429	1114	1010.9000000000012	-0.0056363801843326	-0.0228606360425018	-0.0072915567419952	-0.0039458893544184	-0.0254145161027966	-0.0208349666802863	0.0419924703156675	0.3952791019529448	0.3952791019529448	5	True
ubiquitination_k	2	0.0	alpha			True	1.7201	45828	1162	7733.549334892558	0.0150414943457423	0.0081330971792527	0.012605727330517	0.0177887719265923	0.0044602308080447	0.0120751837435009	0.0478573662808883	0.4030843443940944	0.4030843443940944	5	True
ubiquitination_k	2	0.25	alpha			True	1.7201	45828	1162	4711.925394869565	0.0055386949297458	-0.0055385420415824	0.0028561319090727	0.0077954396248441	-0.0091823065521648	-0.0022923424292092	0.0478573662808883	0.4030843443940944	0.4030843443940944	5	True
ubiquitination_k	2	0.5	alpha			True	1.7201	45828	1162	2612.8849018517285	-0.0010518967215627	-0.0150149131020773	-0.0034320659039614	0.0008437707275101	-0.0184669199348397	-0.0118568458663945	0.0478573662808883	0.4030843443940944	0.4030843443940944	5	True
ubiquitination_k	2	0.75	alpha			True	1.7201	45828	1162	1109.6459529784445	-0.0059448919547622	-0.0220767817137015	-0.0074795293298736	-0.0043523840634134	-0.0244896757775814	-0.0195579623140501	0.0478573662808883	0.4030843443940944	0.4030843443940944	5	True
ubiquitination_k	2	1.0	alpha			True	1.7201	45828	1162	0.0	-0.0096980402388701	-0.0273328745912281	-0.0096980402388701	-0.0096980402388701	-0.0273328745912281	-0.0273328745912281	0.0478573662808883	0.4030843443940944	0.4030843443940944	5	True
ubiquitination_k	2	0.1870280873968364	inflation	1.5	1.5	True	1.7201	45828	1162	5369.5	0.0075483675255507	-0.0025880480425854	0.0052252264542746	0.0100935701370682	-0.0070152706900247	0.0018854540039671	0.0478573662808883	0.4030843443940944	0.4030843443940944	5	True
ubiquitination_k	2	0.4898557970506094	inflation	1.25	1.25	True	1.7201	45828	1162	2684.75	-0.0006856965986854	-0.0144363852477573	-0.0032001098419072	0.0016333566399006	-0.0182826444372352	-0.0109732230576278	0.0478573662808883	0.4030843443940944	0.4030843443940944	5	True
ubiquitination_k	2	0.7570098793055104	inflation	1.1	1.1	True	1.7201	45828	1162	1073.900000000001	-0.0061890810763335	-0.0223095619514647	-0.0076710551723997	-0.0045065820256333	-0.0245660325475282	-0.0197020754455367	0.0478573662808883	0.4030843443940944	0.4030843443940944	5	True
