task	family	split	n_test	baseline_replica	augmented_replica	baseline_rebuilt	augmented_rebuilt	difference
phosphorylation_st	ppi	1.0	1199.3333333333333	-0.11415432122387398	0.2465918829556096	0.14895932456857505	0.06609368962221174	0.18049819333339787
phosphorylation_st	esm	1.0	1307.0	-0.38643883526965944	0.3586585215192843	0.566242033249719	0.12398741340851832	0.23467110811076594
phosphorylation_y	ppi	1.0	455.3333333333333	-0.0619767454862064	0.20113388515285371	0.12316115322604486	0.34379102652866367	-0.1426571413758099
phosphorylation_y	esm	1.0	487.3333333333333	-0.049443642214999535	0.48241750843943193	0.38199170176380903	0.5252247117038924	-0.042807203264460525
acetylation_k	ppi	1.0	621.0	0.054240071018230085	0.5045623912643009	0.02406226023700349	-0.21776197671970787	0.7223243679840089
acetylation_k	esm	1.0	672.3333333333334	-0.03635758327230646	0.5163197723581308	0.21698015213583688	-0.020967876716672076	0.5372876490748028
methylation_k	ppi	1.0	520.6666666666666	0.0312103494658361	0.49020594907229736	0.13825140576734435	-0.186083050278432	0.6762889993507293
methylation_k	esm	1.0	570.6666666666666	0.11484722425376921	0.4765369954996677	0.22345905524365273	-0.008596457522867475	0.48513345302253524
methylation_r	ppi	1.0	352.3333333333333	-0.002630462517232397	0.5603326268733462	0.1382685576623506	-0.29785297942869365	0.8581856063020399
methylation_r	esm	1.0	381.6666666666667	0.07131555335056945	0.5511627253936582	0.15806166020742493	0.057688776635874385	0.4934739487577838
sumoylation_k	ppi	1.0	585.0	0.15348502749422946	0.5356522719655341	-0.06795620329411367	-0.3086822301356165	0.8443345021011507
sumoylation_k	esm	1.0	627.3333333333334	0.1276249247282748	0.546926719755562	0.018074519183812036	-0.06792488139541718	0.6148516011509791
ubiquitination_k	ppi	1.0	1070.0	0.006656568318079842	0.3016597120830661	0.03134366173430998	0.07679622017709724	0.22486349190596885
ubiquitination_k	esm	1.0	1159.3333333333333	-0.006022181815508974	0.5079462100153898	0.23861856456972153	0.2996741300581122	0.20827207995727756
glycosylation_n	ppi	1.0	270.0	-0.036137514841523936	0.3380000609788727	0.25306668632505364	-0.009852810654104616	0.34785287163297723
glycosylation_n	esm	1.0	294.6666666666667	0.11528141716332317	0.4413320975713577	0.48756739414860384	0.226132759101033	0.2151993384703247
