task	family	split	n_train_thr	n_train_unr	n_train_shared	n_test
phosphorylation_st	ppi	0	9660	9660	9660	1238
phosphorylation_st	esm	0	10557	10557	10557	1343
phosphorylation_st	ppi	1	9837	9837	9837	1144
phosphorylation_st	esm	1	10722	10722	10722	1250
phosphorylation_st	ppi	2	9787	9787	9787	1216
phosphorylation_st	esm	2	10693	10693	10693	1328
phosphorylation_y	ppi	0	5083	3560	3560	469
phosphorylation_y	esm	0	5460	3811	3811	500
phosphorylation_y	ppi	1	5179	3589	3589	445
phosphorylation_y	esm	1	5568	3848	3848	469
phosphorylation_y	ppi	2	5113	3561	3561	452
phosphorylation_y	esm	2	5479	3801	3801	493
acetylation_k	ppi	0	4969	4969	4969	627
acetylation_k	esm	0	5372	5372	5372	678
acetylation_k	ppi	1	5048	5048	5048	602
acetylation_k	esm	1	5444	5444	5444	650
acetylation_k	ppi	2	4977	4977	4977	634
acetylation_k	esm	2	5369	5369	5369	689
methylation_k	ppi	0	4132	4132	4132	547
methylation_k	esm	0	4517	4517	4517	601
methylation_k	ppi	1	4171	4171	4171	497
methylation_k	esm	1	4549	4549	4549	541
methylation_k	ppi	2	4143	4143	4143	518
methylation_k	esm	2	4514	4514	4514	570
methylation_r	ppi	0	2802	2801	2801	358
methylation_r	esm	0	3038	3037	3037	396
methylation_r	ppi	1	2828	2827	2827	338
methylation_r	esm	1	3077	3076	3076	364
methylation_r	ppi	2	2785	2784	2784	361
methylation_r	esm	2	3034	3033	3033	385
sumoylation_k	ppi	0	4667	4667	4667	584
sumoylation_k	esm	0	5024	5024	5024	629
sumoylation_k	ppi	1	4689	4689	4689	603
sumoylation_k	esm	1	5051	5051	5051	649
sumoylation_k	ppi	2	4749	4749	4749	568
sumoylation_k	esm	2	5129	5129	5129	604
ubiquitination_k	ppi	0	8503	8503	8503	1112
ubiquitination_k	esm	0	9222	9222	9222	1202
ubiquitination_k	ppi	1	8619	8619	8619	1028
ubiquitination_k	esm	1	9302	9302	9302	1114
ubiquitination_k	ppi	2	8623	8623	8623	1070
ubiquitination_k	esm	2	9337	9337	9337	1162
glycosylation_n	ppi	0	2117	2117	2117	287
glycosylation_n	esm	0	2332	2332	2332	313
glycosylation_n	ppi	1	2126	2126	2126	278
glycosylation_n	esm	1	2300	2300	2300	305
glycosylation_n	ppi	2	2195	2195	2195	245
glycosylation_n	esm	2	2428	2428	2428	266
