task	split	n_proteins	rho
phosphorylation_st	0	1343	0.7602479537124391
phosphorylation_st	1	1250	0.7696800834885759
phosphorylation_st	2	1328	0.7441478318994538
phosphorylation_y	0	500	0.03410087321156902
phosphorylation_y	1	469	0.005394483092148675
phosphorylation_y	2	493	-0.04513258343288444
acetylation_k	0	678	0.6742039790967952
acetylation_k	1	650	0.6836697092399321
acetylation_k	2	689	0.6853563026003601
methylation_k	0	601	0.5189600125391337
methylation_k	1	541	0.5513719495991757
methylation_k	2	570	0.5697375471974767
methylation_r	0	396	0.29894468417833153
methylation_r	1	364	0.32405065215357903
methylation_r	2	385	0.3629874244577516
sumoylation_k	0	629	0.7468940921447482
sumoylation_k	1	649	0.7506680190817138
sumoylation_k	2	604	0.7313407991635064
ubiquitination_k	0	1202	0.6609140144034532
ubiquitination_k	1	1114	0.6967150195104035
ubiquitination_k	2	1162	0.6635932965448171
glycosylation_n	0	313	0.4501892406412939
glycosylation_n	1	305	0.5070644952560232
glycosylation_n	2	266	0.4371447151200631
