group	family	fold	n_total	n_train	n_test	raw_r2	size_r2	length_r2	residual_r2	combined_r2	delta_r2	raw_alpha	residual_alpha
phospho	ppi	0	12365	9892	2473	0.20772565842199586	0.25739457949931077	0.23824728997467948	0.18395544458387802	0.39458251967208013	0.13718794017276936	1000.0	1000.0
phospho	ppi	1	12365	9892	2473	0.2242323570072431	0.2465267364767233	0.2248779116670222	0.2018560110836326	0.39872141446614806	0.15219467798942476	1000.0	1000.0
phospho	ppi	2	12365	9892	2473	0.23775759990359013	0.23707794358417456	0.21909288778847358	0.20638508284736068	0.39470719609352534	0.15762925250935078	1000.0	1000.0
phospho	ppi	3	12365	9892	2473	0.2368450312196615	0.21658855668014987	0.2013482829390304	0.2125278457456382	0.38309592142326554	0.16650736474311567	1000.0	1000.0
phospho	ppi	4	12365	9892	2473	0.2130398534156448	0.24158919788192978	0.23249844517679774	0.18257764561245649	0.3800727981965917	0.1384836003146619	1000.0	1000.0
phospho	esm	0	12365	9892	2473	0.5808092556471609	0.25739457949931077	0.23824728997467948	0.48201213596266723	0.6157085965410173	0.3583140170417065	1000.0	1000.0
phospho	esm	1	12365	9892	2473	0.5733643410532784	0.2465267364767233	0.2248779116670222	0.4748248160908084	0.6043613732315066	0.35783463675478333	1000.0	1000.0
phospho	esm	2	12365	9892	2473	0.5700563259276539	0.23707794358417456	0.21909288778847358	0.48133609271497657	0.6044132690297483	0.3673353254455738	1000.0	1000.0
phospho	esm	3	12365	9892	2473	0.5783908618121669	0.21658855668014987	0.2013482829390304	0.5001788697594312	0.6084411466000328	0.3918525899198829	1000.0	1000.0
phospho	esm	4	12365	9892	2473	0.5818762784034808	0.24158919788192978	0.23249844517679774	0.49445213020510426	0.6165961517721867	0.37500695389025696	1000.0	1000.0
methyl	ppi	0	5211	4168	1043	0.08521617063965559	0.046617424230348425	0.02714141971058326	0.07084479342153216	0.11477416071383284	0.06815673648348441	1000.0	1000.0
methyl	ppi	1	5211	4169	1042	0.14239732638069968	0.06384710450127906	0.039886119279483156	0.13914784852157625	0.19475981626547056	0.1309127117641915	1000.0	1000.0
methyl	ppi	2	5211	4169	1042	0.13439173803861904	0.06900712244693075	0.0427485517695686	0.12491153271808086	0.1871236815521734	0.11811655910524266	1000.0	1000.0
methyl	ppi	3	5211	4169	1042	0.13535556556853812	0.06802277971331361	0.042616109709815886	0.12922432472250445	0.18848211833648987	0.12045933862317626	1000.0	1000.0
methyl	ppi	4	5211	4169	1042	0.15290247125526835	0.031305058019048704	0.016939679208111458	0.148880616262709	0.17552590757208908	0.14422084955304038	1000.0	1000.0
methyl	esm	0	5211	4168	1043	0.21028924433092577	0.046617424230348425	0.02714141971058326	0.18914270867256044	0.2274790894194676	0.18086166518911917	3162.277660168379	3162.277660168379
methyl	esm	1	5211	4169	1042	0.28774602119729065	0.06384710450127906	0.039886119279483156	0.2591855424789562	0.30704294708103264	0.24319584257975357	3162.277660168379	3162.277660168379
methyl	esm	2	5211	4169	1042	0.3082206114557906	0.06900712244693075	0.0427485517695686	0.27377018057186875	0.32539960925620737	0.2563924868092766	3162.277660168379	3162.277660168379
methyl	esm	3	5211	4169	1042	0.2735603713904925	0.06802277971331361	0.042616109709815886	0.24264800314764823	0.2941871189001807	0.22616433918686707	3162.277660168379	3162.277660168379
methyl	esm	4	5211	4169	1042	0.2343543042763857	0.031305058019048704	0.016939679208111458	0.2226209090997069	0.2469576739891467	0.215652615970098	3162.277660168379	3162.277660168379
acet	ppi	0	6249	4999	1250	0.24418376973718547	0.05404162642945709	0.00778403124942717	0.2782990267188663	0.3174286891673841	0.263387062737927	1000.0	316.2277660168379
acet	ppi	1	6249	4999	1250	0.27136015661886725	0.09258792500984814	0.026802592472477405	0.2900576457574119	0.35737049472269755	0.2647825697128494	1000.0	1000.0
acet	ppi	2	6249	4999	1250	0.1987282032352139	0.09534865311640073	0.030188756339128986	0.22125547946521895	0.29639082214149015	0.20104216902508942	1000.0	1000.0
acet	ppi	3	6249	4999	1250	0.26485076939122243	0.07845333535903887	0.020445885773176298	0.2876984763275393	0.34438786020331824	0.2659345248442794	1000.0	1000.0
acet	ppi	4	6249	5000	1249	0.1971119269860876	0.07863875211127636	0.02386944136796143	0.21269625254856572	0.2756181595457221	0.19697940743444575	316.2277660168379	316.2277660168379
acet	esm	0	6249	4999	1250	0.40075770708553016	0.05404162642945709	0.00778403124942717	0.3724999448257398	0.4065221593639351	0.352480532934478	1000.0	1000.0
acet	esm	1	6249	4999	1250	0.41002422472917355	0.09258792500984814	0.026802592472477405	0.37424884000747505	0.43357914065895053	0.3409912156491024	1000.0	1000.0
acet	esm	2	6249	4999	1250	0.38787197085987735	0.09534865311640073	0.030188756339128986	0.3402389895907397	0.40389448673311557	0.30854583361671484	1000.0	1000.0
acet	esm	3	6249	4999	1250	0.372047525537061	0.07845333535903887	0.020445885773176298	0.3357760445458807	0.3886391166281772	0.3101857812691383	1000.0	1000.0
acet	esm	4	6249	5000	1249	0.3807027748544125	0.07863875211127636	0.02386944136796143	0.33014109893924626	0.38367672557661614	0.3050379734653398	1000.0	1000.0
ubi	ppi	0	10761	8608	2153	0.2175657599282529	0.20064761168682188	0.09580031792680344	0.20312815018995212	0.36371392921745915	0.16306631753063727	1000.0	1000.0
ubi	ppi	1	10761	8609	2152	0.18990967018171068	0.19902006281102058	0.09469864296193231	0.19482396280098913	0.3552659353944476	0.15624587258342704	316.2277660168379	1000.0
ubi	ppi	2	10761	8609	2152	0.17047488745618056	0.22871287360662862	0.12198281993614357	0.1595899993100578	0.3519806573711368	0.1232677837645082	1000.0	1000.0
ubi	ppi	3	10761	8609	2152	0.19334228602691728	0.23923147804980527	0.14047186440050163	0.1558727243505693	0.3582258966063204	0.11899441855651516	1000.0	1000.0
ubi	ppi	4	10761	8609	2152	0.19957729897221888	0.2050014932792119	0.09791623022761209	0.18656084602102463	0.3533747872102583	0.14837329393104637	1000.0	1000.0
ubi	esm	0	10761	8608	2153	0.39630700669894714	0.20064761168682188	0.09580031792680344	0.2715638144579213	0.41835842435032045	0.21771081266349857	1000.0	3162.277660168379
ubi	esm	1	10761	8609	2152	0.3851610779044492	0.19902006281102058	0.09469864296193231	0.2599074283790882	0.4073806598300582	0.20836059701903764	1000.0	3162.277660168379
ubi	esm	2	10761	8609	2152	0.4041264626978873	0.22871287360662862	0.12198281993614357	0.2528414055810537	0.42388450780287656	0.19517163419624795	1000.0	3162.277660168379
ubi	esm	3	10761	8609	2152	0.3844560860781796	0.23923147804980527	0.14047186440050163	0.22450195362238878	0.4104034098239042	0.17117193177409895	1000.0	3162.277660168379
ubi	esm	4	10761	8609	2152	0.39596169559386285	0.2050014932792119	0.09791623022761209	0.26701543828143703	0.4173303610055734	0.2123288677263615	1000.0	3162.277660168379
sumo	ppi	0	5902	4721	1181	0.1791734421517488	0.11556576588230771	0.041006958070450183	0.18139296863483634	0.2760535363955745	0.1604877705132668	100.0	1000.0
sumo	ppi	1	5902	4721	1181	0.24218362244952674	0.11266884969084501	0.04480368846973648	0.20703345046651722	0.29667467327354125	0.18400582358269624	1000.0	1000.0
sumo	ppi	2	5902	4722	1180	0.18440079523294417	0.10143584376568637	0.037168105274364316	0.1469739222451183	0.2352082888927658	0.13377244512707942	1000.0	1000.0
sumo	ppi	3	5902	4722	1180	0.2303666672728778	0.11091517840919807	0.03541798909706373	0.18969188931119074	0.2797661222258073	0.16885094381660926	1000.0	1000.0
sumo	ppi	4	5902	4722	1180	0.21272070207115812	0.10141816985441798	0.044610961835998886	0.17433235972583572	0.2592838242411645	0.1578656543867465	1000.0	1000.0
sumo	esm	0	5902	4721	1181	0.3566249749067911	0.11556576588230771	0.041006958070450183	0.26712224930162387	0.3518694128638854	0.2363036469815777	1000.0	1000.0
sumo	esm	1	5902	4721	1181	0.3303463410965798	0.11266884969084501	0.04480368846973648	0.2543521281742911	0.33864419201132867	0.22597534232048366	1000.0	1000.0
sumo	esm	2	5902	4722	1180	0.2863294292003755	0.10143584376568637	0.037168105274364316	0.19959461566672565	0.28238606130914956	0.1809502175434632	1000.0	1000.0
sumo	esm	3	5902	4722	1180	0.32529577656780684	0.11091517840919807	0.03541798909706373	0.2386654160444539	0.32329572855961597	0.2123805501504179	1000.0	1000.0
sumo	esm	4	5902	4722	1180	0.31390849884000593	0.10141816985441798	0.044610961835998886	0.24126722465480321	0.31933188081590913	0.21791371096149115	1000.0	1000.0
glyc	ppi	0	2701	2160	541	0.16541919522630466	0.21159731507463975	0.17860030821373551	0.14702534440206994	0.32868153801723754	0.1170842229425978	1000.0	1000.0
glyc	ppi	1	2701	2161	540	0.10688297833681604	0.2087559581562789	0.1473374107314639	0.07980940718437901	0.27268356295582497	0.06392760479954607	1000.0	1000.0
glyc	ppi	2	2701	2161	540	0.0997751417042324	0.18184392647787995	0.15325967983124333	0.08918690390865713	0.25481356636577823	0.07296963988789829	1000.0	1000.0
glyc	ppi	3	2701	2161	540	0.17479677071904032	0.1993760801433868	0.13367844518963568	0.1855265270701405	0.3500350036605434	0.1506589235171566	1000.0	1000.0
glyc	ppi	4	2701	2161	540	0.21301859791238242	0.20890721870693474	0.14264220900482716	0.18489695368550074	0.35533726898516216	0.14643005027822742	1000.0	1000.0
glyc	esm	0	2701	2160	541	0.4809060964046531	0.21159731507463975	0.17860030821373551	0.4004348224120857	0.5281229398374199	0.3165256247627801	316.2277660168379	1000.0
glyc	esm	1	2701	2161	540	0.40644763916857785	0.2087559581562789	0.1473374107314639	0.31466561788766034	0.45831334848073824	0.24955739032445934	1000.0	1000.0
glyc	esm	2	2701	2161	540	0.43896610392462776	0.18184392647787995	0.15325967983124333	0.35990457972885925	0.47630262952475855	0.2944587030468786	316.2277660168379	1000.0
glyc	esm	3	2701	2161	540	0.5037174664991093	0.1993760801433868	0.13367844518963568	0.401016093953932	0.521999690302801	0.3226236101594142	1000.0	1000.0
glyc	esm	4	2701	2161	540	0.4790514350577486	0.20890721870693474	0.14264220900482716	0.3836785893519786	0.5125531114528934	0.30364589274595866	316.2277660168379	316.2277660168379
