group	family	raw_r2	size_r2	length_r2	residual_r2	combined_r2	delta_r2	n_total
phospho	ppi	0.2239200999936271	0.23983540282445767	0.2232129635092007	0.1974604059745932	0.3902359699703221	0.1504005671458645	12365
phospho	esm	0.5768994125687482	0.23983540282445767	0.2232129635092007	0.4865608089465975	0.6099041074348983	0.37006870461044067	12365
methyl	ppi	0.13005265437655616	0.05575989778218411	0.03386637593551247	0.12260182312928054	0.17213313688801116	0.11637323910582704	5211
methyl	esm	0.2628341105301771	0.05575989778218411	0.03386637593551247	0.23747346879414807	0.280213287729207	0.22445338994702285	5211
acet	ppi	0.23524696519371532	0.07981405840520424	0.021818141440434258	0.2580013761635204	0.3182392051561224	0.2384251467509182	6249
acet	esm	0.3902808406132109	0.07981405840520424	0.021818141440434258	0.35058098358181633	0.4032623257921589	0.32344826738695465	6249
ubi	ppi	0.19417398051305607	0.21452270388669764	0.1101739750905986	0.1799951365345186	0.35651224115992447	0.1419895372732268	10761
ubi	esm	0.3932024657946652	0.21452270388669764	0.1101739750905986	0.2551660080643778	0.4154714725625466	0.20094876867584893	10761
sumo	ppi	0.2097690458356511	0.10840076152049102	0.04060154054952272	0.17988491807669965	0.26939728900577065	0.16099652748527965	5902
sumo	esm	0.32250100412231186	0.10840076152049102	0.04060154054952272	0.24020032676837957	0.32310545511197775	0.2147046935914867	5902
glyc	ppi	0.15197853677975517	0.20209609971182402	0.15110361059418112	0.13728902725014946	0.31231018799690924	0.11021408828508523	2701
glyc	esm	0.46181774821094335	0.20209609971182402	0.15110361059418112	0.37193994066690317	0.4994583439197222	0.2973622442078982	2701
