task	family	split	n_proteins	baseline	augmented	delta
phosphorylation_st	ppi	0	1343	0.4678799004663093	0.15767945270162845	-0.3102004477646808
phosphorylation_st	esm	0	1343	0.4678799004663093	-0.28182035732639216	-0.7497002577927014
phosphorylation_st	ppi	1	1250	0.407464514682331	0.1499335402987884	-0.25753097438354267
phosphorylation_st	esm	1	1250	0.407464514682331	-0.3103099969371863	-0.7177745116195173
phosphorylation_st	ppi	2	1328	0.402966448638512	0.11984526658283896	-0.28312118205567305
phosphorylation_st	esm	2	1328	0.402966448638512	-0.24229263841754847	-0.6452590870560605
phosphorylation_y	ppi	0	500	0.19501938721675308	-0.015737370999445097	-0.21075675821619816
phosphorylation_y	esm	0	500	0.19501938721675308	-0.3369438866204065	-0.5319632738371596
phosphorylation_y	ppi	1	469	0.16230064961746932	-0.03528994956940579	-0.1975905991868751
phosphorylation_y	esm	1	469	0.16230064961746932	-0.32145307280407315	-0.48375372242154246
phosphorylation_y	ppi	2	493	0.18447112857190148	-0.08347092752649173	-0.2679420560983932
phosphorylation_y	esm	2	493	0.18447112857190148	-0.40419403087929273	-0.5886651594511942
acetylation_k	ppi	0	678	0.30473026684883037	-0.26870117727063936	-0.5734314441194697
acetylation_k	esm	0	678	0.30473026684883037	-0.4261039603932072	-0.7308342272420376
acetylation_k	ppi	1	650	0.1380128739450234	-0.34481190555006547	-0.48282477949508884
acetylation_k	esm	1	650	0.1380128739450234	-0.4793525771339386	-0.617365451078962
acetylation_k	ppi	2	689	0.23392009409449005	-0.304746071607993	-0.538666165702483
acetylation_k	esm	2	689	0.23392009409449005	-0.4496647594075782	-0.6835848535020683
methylation_k	ppi	0	601	0.14914869772522185	-0.16486117580336077	-0.3140098735285826
methylation_k	esm	0	601	0.14914869772522185	-0.3854212948327526	-0.5345699925579744
methylation_k	ppi	1	541	0.03723284656234347	-0.22411438503032546	-0.2613472315926689
methylation_k	esm	1	541	0.03723284656234347	-0.3214116403446764	-0.3586444869070199
methylation_k	ppi	2	570	0.08090491099868034	-0.18994883360174092	-0.2708537446004213
methylation_k	esm	2	570	0.08090491099868034	-0.2982579186301718	-0.37916282962885217
methylation_r	ppi	0	396	0.12545711347107769	-0.21390137371121	-0.33935848718228767
methylation_r	esm	0	396	0.12545711347107769	-0.42114630003416725	-0.5466034135052449
methylation_r	ppi	1	364	0.0159438487194547	-0.29050499089103154	-0.30644883961048625
methylation_r	esm	1	364	0.0159438487194547	-0.37686249356327844	-0.39280634228273315
methylation_r	ppi	2	385	0.030792543991643762	-0.2255506643733839	-0.25634320836502766
methylation_r	esm	2	385	0.030792543991643762	-0.32066864524442434	-0.3514611892360681
sumoylation_k	ppi	0	629	0.009837211176214573	-0.268144338115848	-0.27798154929206254
sumoylation_k	esm	0	629	0.009837211176214573	-0.41088491329908344	-0.420722124475298
sumoylation_k	ppi	1	649	0.0023710889543301387	-0.2980788610213294	-0.30044994997565955
sumoylation_k	esm	1	649	0.0023710889543301387	-0.38685316937416353	-0.38922425832849367
sumoylation_k	ppi	2	604	-0.018167882541437568	-0.30539208152422537	-0.2872241989827878
sumoylation_k	esm	2	604	-0.018167882541437568	-0.31990188759094745	-0.30173400504950987
ubiquitination_k	ppi	0	1202	0.14637412075427544	-0.03204635156174427	-0.1784204723160197
ubiquitination_k	esm	0	1202	0.14637412075427544	-0.337690087612442	-0.4840642083667175
ubiquitination_k	ppi	1	1114	0.09307311007225552	-0.07165923754072948	-0.164732347612985
ubiquitination_k	esm	1	1114	0.09307311007225552	-0.32669558441192814	-0.41976869448418364
ubiquitination_k	ppi	2	1162	0.14116933154102457	-0.05593009328355608	-0.19709942482458065
ubiquitination_k	esm	2	1162	0.14116933154102457	-0.3440663986614184	-0.485235730202443
glycosylation_n	ppi	0	313	0.342491016711649	0.08315889501989136	-0.2593321216917576
glycosylation_n	esm	0	313	0.342491016711649	-0.2216450644929101	-0.564136081204559
glycosylation_n	ppi	1	305	0.3165545125168498	0.0070441364489574965	-0.3095103760678923
glycosylation_n	esm	1	305	0.3165545125168498	-0.33174867443635186	-0.6483031869532017
glycosylation_n	ppi	2	266	0.3259357558977655	-0.2657595887378189	-0.5916953446355844
glycosylation_n	esm	2	266	0.3259357558977655	-0.3666477334808648	-0.6925834893786303
