task	train	eval	split	family	auroc	auprc	n_sites	pos_rate	auroc_base	auprc_base	n_sites_base	pos_rate_base	d_auroc	d_auprc
acetylation_k	rebuilt	rebuilt	0	esm2	0.8847	0.6140	19447	0.1630	0.8218	0.4497	19447	0.1630	0.0629	0.1643
acetylation_k	rebuilt	replica	0	esm2	0.8518	0.7801	7839	0.4044	0.8393	0.7577	7839	0.4044	0.0125	0.0223
acetylation_k	rebuilt	rebuilt	0	interaction	0.8583	0.5485	19447	0.1630	0.8218	0.4497	19447	0.1630	0.0365	0.0987
acetylation_k	rebuilt	replica	0	interaction	0.8277	0.7375	7839	0.4044	0.8393	0.7577	7839	0.4044	-0.0117	-0.0202
acetylation_k	rebuilt	rebuilt	0	prott5	0.8893	0.6344	19447	0.1630	0.8218	0.4497	19447	0.1630	0.0675	0.1846
acetylation_k	rebuilt	replica	0	prott5	0.8555	0.7889	7839	0.4044	0.8393	0.7577	7839	0.4044	0.0161	0.0312
acetylation_k	rebuilt	rebuilt	1	esm2	0.8818	0.6230	19570	0.1678	0.8177	0.4637	19570	0.1678	0.0641	0.1593
acetylation_k	rebuilt	replica	1	esm2	0.8497	0.7813	8060	0.4073	0.8328	0.7561	8060	0.4073	0.0169	0.0253
acetylation_k	rebuilt	rebuilt	1	interaction	0.8693	0.5867	19570	0.1678	0.8177	0.4637	19570	0.1678	0.0516	0.1230
acetylation_k	rebuilt	replica	1	interaction	0.8332	0.7591	8060	0.4073	0.8328	0.7561	8060	0.4073	0.0004	0.0030
acetylation_k	rebuilt	rebuilt	1	prott5	0.8783	0.6065	19570	0.1678	0.8177	0.4637	19570	0.1678	0.0606	0.1428
acetylation_k	rebuilt	replica	1	prott5	0.8638	0.8038	8060	0.4073	0.8328	0.7561	8060	0.4073	0.0311	0.0477
acetylation_k	rebuilt	rebuilt	2	esm2	0.8742	0.6146	20363	0.1730	0.8128	0.4608	20363	0.1730	0.0614	0.1538
acetylation_k	rebuilt	replica	2	esm2	0.8369	0.7553	8898	0.3958	0.8307	0.7420	8898	0.3958	0.0063	0.0133
acetylation_k	rebuilt	rebuilt	2	interaction	0.8622	0.5880	20363	0.1730	0.8128	0.4608	20363	0.1730	0.0494	0.1272
acetylation_k	rebuilt	replica	2	interaction	0.8356	0.7619	8898	0.3958	0.8307	0.7420	8898	0.3958	0.0050	0.0199
acetylation_k	rebuilt	rebuilt	2	prott5	0.8826	0.6282	20363	0.1730	0.8128	0.4608	20363	0.1730	0.0698	0.1674
acetylation_k	rebuilt	replica	2	prott5	0.8509	0.7702	8898	0.3958	0.8307	0.7420	8898	0.3958	0.0203	0.0281
acetylation_k	rebuilt	rebuilt	0	esm2_perm	0.7977	0.3845	19447	0.1630	0.8218	0.4497	19447	0.1630	-0.0241	-0.0652
acetylation_k	rebuilt	replica	0	esm2_perm	0.8231	0.7414	7839	0.4044	0.8393	0.7577	7839	0.4044	-0.0162	-0.0163
acetylation_k	rebuilt	rebuilt	0	interaction_perm	0.7987	0.4018	19447	0.1630	0.8218	0.4497	19447	0.1630	-0.0231	-0.0479
acetylation_k	rebuilt	replica	0	interaction_perm	0.8092	0.7201	7839	0.4044	0.8393	0.7577	7839	0.4044	-0.0301	-0.0376
acetylation_k	rebuilt	rebuilt	0	prott5_perm	0.7913	0.3979	19447	0.1630	0.8218	0.4497	19447	0.1630	-0.0305	-0.0519
acetylation_k	rebuilt	replica	0	prott5_perm	0.8274	0.7406	7839	0.4044	0.8393	0.7577	7839	0.4044	-0.0119	-0.0171
acetylation_k	rebuilt	rebuilt	1	esm2_perm	0.7954	0.4163	19570	0.1678	0.8177	0.4637	19570	0.1678	-0.0223	-0.0474
acetylation_k	rebuilt	replica	1	esm2_perm	0.8197	0.7480	8060	0.4073	0.8328	0.7561	8060	0.4073	-0.0131	-0.0081
acetylation_k	rebuilt	rebuilt	1	interaction_perm	0.7917	0.4004	19570	0.1678	0.8177	0.4637	19570	0.1678	-0.0260	-0.0633
acetylation_k	rebuilt	replica	1	interaction_perm	0.8051	0.7123	8060	0.4073	0.8328	0.7561	8060	0.4073	-0.0277	-0.0438
acetylation_k	rebuilt	rebuilt	1	prott5_perm	0.7792	0.3683	19570	0.1678	0.8177	0.4637	19570	0.1678	-0.0385	-0.0954
acetylation_k	rebuilt	replica	1	prott5_perm	0.8272	0.7624	8060	0.4073	0.8328	0.7561	8060	0.4073	-0.0056	0.0063
acetylation_k	rebuilt	rebuilt	2	esm2_perm	0.8009	0.4281	20363	0.1730	0.8128	0.4608	20363	0.1730	-0.0119	-0.0327
acetylation_k	rebuilt	replica	2	esm2_perm	0.8303	0.7398	8898	0.3958	0.8307	0.7420	8898	0.3958	-0.0004	-0.0022
acetylation_k	rebuilt	rebuilt	2	interaction_perm	0.7893	0.4087	20363	0.1730	0.8128	0.4608	20363	0.1730	-0.0235	-0.0521
acetylation_k	rebuilt	replica	2	interaction_perm	0.8130	0.7197	8898	0.3958	0.8307	0.7420	8898	0.3958	-0.0177	-0.0224
acetylation_k	rebuilt	rebuilt	2	prott5_perm	0.7916	0.4203	20363	0.1730	0.8128	0.4608	20363	0.1730	-0.0213	-0.0406
acetylation_k	rebuilt	replica	2	prott5_perm	0.8208	0.7414	8898	0.3958	0.8307	0.7420	8898	0.3958	-0.0099	-0.0007
acetylation_k	replica	rebuilt	0	esm2	0.6576	0.2258	19447	0.1630	0.8118	0.4316	19447	0.1630	-0.1542	-0.2058
acetylation_k	replica	replica	0	esm2	0.8785	0.8418	7839	0.4044	0.8426	0.7660	7839	0.4044	0.0359	0.0758
acetylation_k	replica	rebuilt	0	interaction	0.5659	0.1854	19447	0.1630	0.8118	0.4316	19447	0.1630	-0.2460	-0.2462
acetylation_k	replica	replica	0	interaction	0.7432	0.6280	7839	0.4044	0.8426	0.7660	7839	0.4044	-0.0993	-0.1380
acetylation_k	replica	rebuilt	0	prott5	0.5782	0.1857	19447	0.1630	0.8118	0.4316	19447	0.1630	-0.2336	-0.2458
acetylation_k	replica	replica	0	prott5	0.8624	0.8027	7839	0.4044	0.8426	0.7660	7839	0.4044	0.0198	0.0367
acetylation_k	replica	rebuilt	1	esm2	0.6195	0.2188	19570	0.1678	0.7788	0.3643	19570	0.1678	-0.1593	-0.1456
acetylation_k	replica	replica	1	esm2	0.8459	0.8045	8060	0.4073	0.8283	0.7507	8060	0.4073	0.0176	0.0538
acetylation_k	replica	rebuilt	1	interaction	0.5079	0.1626	19570	0.1678	0.7788	0.3643	19570	0.1678	-0.2709	-0.2017
acetylation_k	replica	replica	1	interaction	0.7174	0.6088	8060	0.4073	0.8283	0.7507	8060	0.4073	-0.1110	-0.1418
acetylation_k	replica	rebuilt	1	prott5	0.5760	0.1964	19570	0.1678	0.7788	0.3643	19570	0.1678	-0.2028	-0.1680
acetylation_k	replica	replica	1	prott5	0.8373	0.8070	8060	0.4073	0.8283	0.7507	8060	0.4073	0.0089	0.0563
acetylation_k	replica	rebuilt	2	esm2	0.5886	0.2068	20363	0.1730	0.8080	0.4431	20363	0.1730	-0.2194	-0.2362
acetylation_k	replica	replica	2	esm2	0.8595	0.8119	8898	0.3958	0.8389	0.7557	8898	0.3958	0.0206	0.0562
acetylation_k	replica	rebuilt	2	interaction	0.5400	0.1755	20363	0.1730	0.8080	0.4431	20363	0.1730	-0.2680	-0.2675
acetylation_k	replica	replica	2	interaction	0.7482	0.6415	8898	0.3958	0.8389	0.7557	8898	0.3958	-0.0907	-0.1142
acetylation_k	replica	rebuilt	2	prott5	0.5488	0.1881	20363	0.1730	0.8080	0.4431	20363	0.1730	-0.2591	-0.2550
acetylation_k	replica	replica	2	prott5	0.8364	0.7637	8898	0.3958	0.8389	0.7557	8898	0.3958	-0.0024	0.0080
acetylation_k	replica	rebuilt	0	esm2_perm	0.7316	0.2960	19447	0.1630	0.8118	0.4316	19447	0.1630	-0.0803	-0.1356
acetylation_k	replica	replica	0	esm2_perm	0.7749	0.6769	7839	0.4044	0.8426	0.7660	7839	0.4044	-0.0677	-0.0891
acetylation_k	replica	rebuilt	0	interaction_perm	0.6851	0.2663	19447	0.1630	0.8118	0.4316	19447	0.1630	-0.1268	-0.1653
acetylation_k	replica	replica	0	interaction_perm	0.6751	0.5482	7839	0.4044	0.8426	0.7660	7839	0.4044	-0.1675	-0.2178
acetylation_k	replica	rebuilt	0	prott5_perm	0.7344	0.3049	19447	0.1630	0.8118	0.4316	19447	0.1630	-0.0774	-0.1267
acetylation_k	replica	replica	0	prott5_perm	0.7431	0.6264	7839	0.4044	0.8426	0.7660	7839	0.4044	-0.0995	-0.1396
acetylation_k	replica	rebuilt	1	esm2_perm	0.7542	0.3520	19570	0.1678	0.7788	0.3643	19570	0.1678	-0.0246	-0.0123
acetylation_k	replica	replica	1	esm2_perm	0.7690	0.6717	8060	0.4073	0.8283	0.7507	8060	0.4073	-0.0593	-0.0790
acetylation_k	replica	rebuilt	1	interaction_perm	0.6674	0.2436	19570	0.1678	0.7788	0.3643	19570	0.1678	-0.1114	-0.1207
acetylation_k	replica	replica	1	interaction_perm	0.7600	0.6746	8060	0.4073	0.8283	0.7507	8060	0.4073	-0.0684	-0.0761
acetylation_k	replica	rebuilt	1	prott5_perm	0.7152	0.2950	19570	0.1678	0.7788	0.3643	19570	0.1678	-0.0636	-0.0693
acetylation_k	replica	replica	1	prott5_perm	0.7256	0.5973	8060	0.4073	0.8283	0.7507	8060	0.4073	-0.1028	-0.1533
acetylation_k	replica	rebuilt	2	esm2_perm	0.7496	0.3493	20363	0.1730	0.8080	0.4431	20363	0.1730	-0.0584	-0.0937
acetylation_k	replica	replica	2	esm2_perm	0.7625	0.6368	8898	0.3958	0.8389	0.7557	8898	0.3958	-0.0764	-0.1189
acetylation_k	replica	rebuilt	2	interaction_perm	0.6468	0.2383	20363	0.1730	0.8080	0.4431	20363	0.1730	-0.1612	-0.2048
acetylation_k	replica	replica	2	interaction_perm	0.6830	0.5167	8898	0.3958	0.8389	0.7557	8898	0.3958	-0.1559	-0.2390
acetylation_k	replica	rebuilt	2	prott5_perm	0.7309	0.3265	20363	0.1730	0.8080	0.4431	20363	0.1730	-0.0771	-0.1165
acetylation_k	replica	replica	2	prott5_perm	0.7382	0.6298	8898	0.3958	0.8389	0.7557	8898	0.3958	-0.1006	-0.1260
glycosylation_n	rebuilt	rebuilt	0	esm2	0.9753	0.8546	4897	0.1652	0.9681	0.8048	4897	0.1652	0.0071	0.0499
glycosylation_n	rebuilt	replica	0	esm2	0.9765	0.9829	1282	0.6310	0.9650	0.9687	1282	0.6310	0.0115	0.0142
glycosylation_n	rebuilt	rebuilt	0	interaction	0.9703	0.8157	4897	0.1652	0.9681	0.8048	4897	0.1652	0.0022	0.0110
glycosylation_n	rebuilt	replica	0	interaction	0.9632	0.9686	1282	0.6310	0.9650	0.9687	1282	0.6310	-0.0018	-0.0000
glycosylation_n	rebuilt	rebuilt	0	prott5	0.9756	0.8257	4897	0.1652	0.9681	0.8048	4897	0.1652	0.0075	0.0209
glycosylation_n	rebuilt	replica	0	prott5	0.9710	0.9782	1282	0.6310	0.9650	0.9687	1282	0.6310	0.0060	0.0095
glycosylation_n	rebuilt	rebuilt	1	esm2	0.9761	0.8560	5056	0.1746	0.9711	0.8269	5056	0.1746	0.0049	0.0292
glycosylation_n	rebuilt	replica	1	esm2	0.9785	0.9455	2532	0.3487	0.9757	0.9305	2532	0.3487	0.0028	0.0149
glycosylation_n	rebuilt	rebuilt	1	interaction	0.9729	0.8425	5056	0.1746	0.9711	0.8269	5056	0.1746	0.0017	0.0156
glycosylation_n	rebuilt	replica	1	interaction	0.9676	0.9061	2532	0.3487	0.9757	0.9305	2532	0.3487	-0.0080	-0.0244
glycosylation_n	rebuilt	rebuilt	1	prott5	0.9769	0.8626	5056	0.1746	0.9711	0.8269	5056	0.1746	0.0058	0.0357
glycosylation_n	rebuilt	replica	1	prott5	0.9784	0.9450	2532	0.3487	0.9757	0.9305	2532	0.3487	0.0027	0.0145
glycosylation_n	rebuilt	rebuilt	2	esm2	0.9773	0.8582	4247	0.1665	0.9717	0.8083	4247	0.1665	0.0057	0.0499
glycosylation_n	rebuilt	replica	2	esm2	0.9799	0.9496	2003	0.3530	0.9792	0.9494	2003	0.3530	0.0007	0.0002
glycosylation_n	rebuilt	rebuilt	2	interaction	0.9742	0.8349	4247	0.1665	0.9717	0.8083	4247	0.1665	0.0025	0.0266
glycosylation_n	rebuilt	replica	2	interaction	0.9771	0.9456	2003	0.3530	0.9792	0.9494	2003	0.3530	-0.0021	-0.0038
glycosylation_n	rebuilt	rebuilt	2	prott5	0.9783	0.8619	4247	0.1665	0.9717	0.8083	4247	0.1665	0.0066	0.0536
glycosylation_n	rebuilt	replica	2	prott5	0.9808	0.9561	2003	0.3530	0.9792	0.9494	2003	0.3530	0.0016	0.0067
glycosylation_n	rebuilt	rebuilt	0	esm2_perm	0.9681	0.7914	4897	0.1652	0.9681	0.8048	4897	0.1652	-0.0001	-0.0133
glycosylation_n	rebuilt	replica	0	esm2_perm	0.9677	0.9732	1282	0.6310	0.9650	0.9687	1282	0.6310	0.0027	0.0045
glycosylation_n	rebuilt	rebuilt	0	interaction_perm	0.9641	0.7702	4897	0.1652	0.9681	0.8048	4897	0.1652	-0.0040	-0.0346
glycosylation_n	rebuilt	replica	0	interaction_perm	0.9735	0.9798	1282	0.6310	0.9650	0.9687	1282	0.6310	0.0085	0.0111
glycosylation_n	rebuilt	rebuilt	0	prott5_perm	0.9664	0.7920	4897	0.1652	0.9681	0.8048	4897	0.1652	-0.0017	-0.0128
glycosylation_n	rebuilt	replica	0	prott5_perm	0.9649	0.9702	1282	0.6310	0.9650	0.9687	1282	0.6310	-0.0001	0.0015
glycosylation_n	rebuilt	rebuilt	1	esm2_perm	0.9688	0.8088	5056	0.1746	0.9711	0.8269	5056	0.1746	-0.0023	-0.0181
glycosylation_n	rebuilt	replica	1	esm2_perm	0.9743	0.9285	2532	0.3487	0.9757	0.9305	2532	0.3487	-0.0014	-0.0021
glycosylation_n	rebuilt	rebuilt	1	interaction_perm	0.9669	0.7877	5056	0.1746	0.9711	0.8269	5056	0.1746	-0.0043	-0.0392
glycosylation_n	rebuilt	replica	1	interaction_perm	0.9753	0.9361	2532	0.3487	0.9757	0.9305	2532	0.3487	-0.0004	0.0055
glycosylation_n	rebuilt	rebuilt	1	prott5_perm	0.9681	0.7988	5056	0.1746	0.9711	0.8269	5056	0.1746	-0.0031	-0.0281
glycosylation_n	rebuilt	replica	1	prott5_perm	0.9755	0.9344	2532	0.3487	0.9757	0.9305	2532	0.3487	-0.0002	0.0039
glycosylation_n	rebuilt	rebuilt	2	esm2_perm	0.9707	0.8038	4247	0.1665	0.9717	0.8083	4247	0.1665	-0.0010	-0.0045
glycosylation_n	rebuilt	replica	2	esm2_perm	0.9783	0.9431	2003	0.3530	0.9792	0.9494	2003	0.3530	-0.0009	-0.0062
glycosylation_n	rebuilt	rebuilt	2	interaction_perm	0.9714	0.8060	4247	0.1665	0.9717	0.8083	4247	0.1665	-0.0003	-0.0023
glycosylation_n	rebuilt	replica	2	interaction_perm	0.9777	0.9465	2003	0.3530	0.9792	0.9494	2003	0.3530	-0.0015	-0.0029
glycosylation_n	rebuilt	rebuilt	2	prott5_perm	0.9708	0.7965	4247	0.1665	0.9717	0.8083	4247	0.1665	-0.0009	-0.0118
glycosylation_n	rebuilt	replica	2	prott5_perm	0.9795	0.9485	2003	0.3530	0.9792	0.9494	2003	0.3530	0.0003	-0.0009
glycosylation_n	replica	rebuilt	0	esm2	0.9299	0.6582	4897	0.1652	0.9601	0.7327	4897	0.1652	-0.0302	-0.0744
glycosylation_n	replica	replica	0	esm2	0.9812	0.9883	1282	0.6310	0.9628	0.9695	1282	0.6310	0.0184	0.0188
glycosylation_n	replica	rebuilt	0	interaction	0.9324	0.6591	4897	0.1652	0.9601	0.7327	4897	0.1652	-0.0277	-0.0735
glycosylation_n	replica	replica	0	interaction	0.9329	0.9500	1282	0.6310	0.9628	0.9695	1282	0.6310	-0.0299	-0.0195
glycosylation_n	replica	rebuilt	0	prott5	0.9181	0.6612	4897	0.1652	0.9601	0.7327	4897	0.1652	-0.0420	-0.0714
glycosylation_n	replica	replica	0	prott5	0.9757	0.9852	1282	0.6310	0.9628	0.9695	1282	0.6310	0.0129	0.0157
glycosylation_n	replica	rebuilt	1	esm2	0.8669	0.5214	5056	0.1746	0.9616	0.7615	5056	0.1746	-0.0947	-0.2401
glycosylation_n	replica	replica	1	esm2	0.9843	0.9708	2532	0.3487	0.9736	0.9282	2532	0.3487	0.0107	0.0426
glycosylation_n	replica	rebuilt	1	interaction	0.9294	0.6292	5056	0.1746	0.9616	0.7615	5056	0.1746	-0.0322	-0.1323
glycosylation_n	replica	replica	1	interaction	0.9490	0.8663	2532	0.3487	0.9736	0.9282	2532	0.3487	-0.0246	-0.0619
glycosylation_n	replica	rebuilt	1	prott5	0.8656	0.5546	5056	0.1746	0.9616	0.7615	5056	0.1746	-0.0960	-0.2069
glycosylation_n	replica	replica	1	prott5	0.9810	0.9638	2532	0.3487	0.9736	0.9282	2532	0.3487	0.0074	0.0356
glycosylation_n	replica	rebuilt	2	esm2	0.8880	0.6078	4247	0.1665	0.9629	0.7482	4247	0.1665	-0.0749	-0.1404
glycosylation_n	replica	replica	2	esm2	0.9877	0.9770	2003	0.3530	0.9745	0.9309	2003	0.3530	0.0132	0.0461
glycosylation_n	replica	rebuilt	2	interaction	0.9211	0.5978	4247	0.1665	0.9629	0.7482	4247	0.1665	-0.0418	-0.1505
glycosylation_n	replica	replica	2	interaction	0.9734	0.9408	2003	0.3530	0.9745	0.9309	2003	0.3530	-0.0011	0.0099
glycosylation_n	replica	rebuilt	2	prott5	0.9116	0.6445	4247	0.1665	0.9629	0.7482	4247	0.1665	-0.0513	-0.1037
glycosylation_n	replica	replica	2	prott5	0.9884	0.9780	2003	0.3530	0.9745	0.9309	2003	0.3530	0.0139	0.0471
glycosylation_n	replica	rebuilt	0	esm2_perm	0.9391	0.6332	4897	0.1652	0.9601	0.7327	4897	0.1652	-0.0209	-0.0994
glycosylation_n	replica	replica	0	esm2_perm	0.9473	0.9602	1282	0.6310	0.9628	0.9695	1282	0.6310	-0.0156	-0.0093
glycosylation_n	replica	rebuilt	0	interaction_perm	0.9265	0.6190	4897	0.1652	0.9601	0.7327	4897	0.1652	-0.0336	-0.1137
glycosylation_n	replica	replica	0	interaction_perm	0.9458	0.9626	1282	0.6310	0.9628	0.9695	1282	0.6310	-0.0170	-0.0069
glycosylation_n	replica	rebuilt	0	prott5_perm	0.9401	0.6579	4897	0.1652	0.9601	0.7327	4897	0.1652	-0.0199	-0.0747
glycosylation_n	replica	replica	0	prott5_perm	0.9508	0.9605	1282	0.6310	0.9628	0.9695	1282	0.6310	-0.0121	-0.0090
glycosylation_n	replica	rebuilt	1	esm2_perm	0.9186	0.6172	5056	0.1746	0.9616	0.7615	5056	0.1746	-0.0430	-0.1442
glycosylation_n	replica	replica	1	esm2_perm	0.9325	0.8370	2532	0.3487	0.9736	0.9282	2532	0.3487	-0.0411	-0.0912
glycosylation_n	replica	rebuilt	1	interaction_perm	0.9150	0.6115	5056	0.1746	0.9616	0.7615	5056	0.1746	-0.0466	-0.1499
glycosylation_n	replica	replica	1	interaction_perm	0.8987	0.7512	2532	0.3487	0.9736	0.9282	2532	0.3487	-0.0749	-0.1770
glycosylation_n	replica	rebuilt	1	prott5_perm	0.9351	0.6530	5056	0.1746	0.9616	0.7615	5056	0.1746	-0.0265	-0.1085
glycosylation_n	replica	replica	1	prott5_perm	0.9493	0.8790	2532	0.3487	0.9736	0.9282	2532	0.3487	-0.0243	-0.0491
glycosylation_n	replica	rebuilt	2	esm2_perm	0.9377	0.6568	4247	0.1665	0.9629	0.7482	4247	0.1665	-0.0252	-0.0915
glycosylation_n	replica	replica	2	esm2_perm	0.9475	0.8569	2003	0.3530	0.9745	0.9309	2003	0.3530	-0.0270	-0.0740
glycosylation_n	replica	rebuilt	2	interaction_perm	0.9193	0.5957	4247	0.1665	0.9629	0.7482	4247	0.1665	-0.0436	-0.1526
glycosylation_n	replica	replica	2	interaction_perm	0.9469	0.8761	2003	0.3530	0.9745	0.9309	2003	0.3530	-0.0276	-0.0548
glycosylation_n	replica	rebuilt	2	prott5_perm	0.9302	0.6294	4247	0.1665	0.9629	0.7482	4247	0.1665	-0.0327	-0.1188
glycosylation_n	replica	replica	2	prott5_perm	0.9462	0.8645	2003	0.3530	0.9745	0.9309	2003	0.3530	-0.0283	-0.0664
methylation_k	rebuilt	rebuilt	0	esm2	0.8323	0.5985	9669	0.1700	0.8040	0.5390	9669	0.1700	0.0283	0.0595
methylation_k	rebuilt	replica	0	esm2	0.8215	0.6568	5628	0.2921	0.7925	0.6321	5628	0.2921	0.0289	0.0246
methylation_k	rebuilt	rebuilt	0	interaction	0.8131	0.5667	9669	0.1700	0.8040	0.5390	9669	0.1700	0.0091	0.0277
methylation_k	rebuilt	replica	0	interaction	0.7746	0.5906	5628	0.2921	0.7925	0.6321	5628	0.2921	-0.0179	-0.0416
methylation_k	rebuilt	rebuilt	0	prott5	0.8331	0.6022	9669	0.1700	0.8040	0.5390	9669	0.1700	0.0291	0.0632
methylation_k	rebuilt	replica	0	prott5	0.8342	0.6594	5628	0.2921	0.7925	0.6321	5628	0.2921	0.0416	0.0272
methylation_k	rebuilt	rebuilt	1	esm2	0.8300	0.5795	9257	0.1583	0.7962	0.5225	9257	0.1583	0.0338	0.0570
methylation_k	rebuilt	replica	1	esm2	0.8058	0.7340	3867	0.3788	0.7850	0.7259	3867	0.3788	0.0209	0.0081
methylation_k	rebuilt	rebuilt	1	interaction	0.8037	0.5346	9257	0.1583	0.7962	0.5225	9257	0.1583	0.0075	0.0121
methylation_k	rebuilt	replica	1	interaction	0.7456	0.6724	3867	0.3788	0.7850	0.7259	3867	0.3788	-0.0394	-0.0536
methylation_k	rebuilt	rebuilt	1	prott5	0.8316	0.5830	9257	0.1583	0.7962	0.5225	9257	0.1583	0.0354	0.0605
methylation_k	rebuilt	replica	1	prott5	0.8270	0.7492	3867	0.3788	0.7850	0.7259	3867	0.3788	0.0420	0.0233
methylation_k	rebuilt	rebuilt	2	esm2	0.8246	0.5764	9639	0.1621	0.7986	0.5166	9639	0.1621	0.0260	0.0598
methylation_k	rebuilt	replica	2	esm2	0.8170	0.7162	4431	0.3525	0.7754	0.6611	4431	0.3525	0.0417	0.0550
methylation_k	rebuilt	rebuilt	2	interaction	0.8080	0.5356	9639	0.1621	0.7986	0.5166	9639	0.1621	0.0094	0.0190
methylation_k	rebuilt	replica	2	interaction	0.7876	0.6823	4431	0.3525	0.7754	0.6611	4431	0.3525	0.0122	0.0211
methylation_k	rebuilt	rebuilt	2	prott5	0.8246	0.5677	9639	0.1621	0.7986	0.5166	9639	0.1621	0.0259	0.0511
methylation_k	rebuilt	replica	2	prott5	0.8090	0.6895	4431	0.3525	0.7754	0.6611	4431	0.3525	0.0336	0.0284
methylation_k	rebuilt	rebuilt	0	esm2_perm	0.8032	0.5413	9669	0.1700	0.8040	0.5390	9669	0.1700	-0.0008	0.0023
methylation_k	rebuilt	replica	0	esm2_perm	0.7887	0.6240	5628	0.2921	0.7925	0.6321	5628	0.2921	-0.0038	-0.0081
methylation_k	rebuilt	rebuilt	0	interaction_perm	0.7861	0.5091	9669	0.1700	0.8040	0.5390	9669	0.1700	-0.0179	-0.0300
methylation_k	rebuilt	replica	0	interaction_perm	0.7621	0.6154	5628	0.2921	0.7925	0.6321	5628	0.2921	-0.0304	-0.0168
methylation_k	rebuilt	rebuilt	0	prott5_perm	0.7945	0.5319	9669	0.1700	0.8040	0.5390	9669	0.1700	-0.0095	-0.0072
methylation_k	rebuilt	replica	0	prott5_perm	0.7570	0.5812	5628	0.2921	0.7925	0.6321	5628	0.2921	-0.0355	-0.0509
methylation_k	rebuilt	rebuilt	1	esm2_perm	0.7904	0.5075	9257	0.1583	0.7962	0.5225	9257	0.1583	-0.0058	-0.0150
methylation_k	rebuilt	replica	1	esm2_perm	0.7823	0.7189	3867	0.3788	0.7850	0.7259	3867	0.3788	-0.0026	-0.0070
methylation_k	rebuilt	rebuilt	1	interaction_perm	0.7879	0.4944	9257	0.1583	0.7962	0.5225	9257	0.1583	-0.0083	-0.0281
methylation_k	rebuilt	replica	1	interaction_perm	0.7865	0.7288	3867	0.3788	0.7850	0.7259	3867	0.3788	0.0016	0.0029
methylation_k	rebuilt	rebuilt	1	prott5_perm	0.7834	0.5014	9257	0.1583	0.7962	0.5225	9257	0.1583	-0.0129	-0.0211
methylation_k	rebuilt	replica	1	prott5_perm	0.7797	0.7246	3867	0.3788	0.7850	0.7259	3867	0.3788	-0.0053	-0.0013
methylation_k	rebuilt	rebuilt	2	esm2_perm	0.7877	0.5066	9639	0.1621	0.7986	0.5166	9639	0.1621	-0.0109	-0.0100
methylation_k	rebuilt	replica	2	esm2_perm	0.7724	0.6682	4431	0.3525	0.7754	0.6611	4431	0.3525	-0.0030	0.0070
methylation_k	rebuilt	rebuilt	2	interaction_perm	0.7838	0.4937	9639	0.1621	0.7986	0.5166	9639	0.1621	-0.0149	-0.0229
methylation_k	rebuilt	replica	2	interaction_perm	0.7633	0.6672	4431	0.3525	0.7754	0.6611	4431	0.3525	-0.0121	0.0060
methylation_k	rebuilt	rebuilt	2	prott5_perm	0.7860	0.4998	9639	0.1621	0.7986	0.5166	9639	0.1621	-0.0126	-0.0168
methylation_k	rebuilt	replica	2	prott5_perm	0.7756	0.6678	4431	0.3525	0.7754	0.6611	4431	0.3525	0.0002	0.0066
methylation_k	replica	rebuilt	0	esm2	0.4667	0.1591	9669	0.1700	0.7333	0.3889	9669	0.1700	-0.2665	-0.2298
methylation_k	replica	replica	0	esm2	0.8869	0.8027	5628	0.2921	0.7775	0.6009	5628	0.2921	0.1093	0.2018
methylation_k	replica	rebuilt	0	interaction	0.4676	0.1573	9669	0.1700	0.7333	0.3889	9669	0.1700	-0.2657	-0.2317
methylation_k	replica	replica	0	interaction	0.6805	0.4358	5628	0.2921	0.7775	0.6009	5628	0.2921	-0.0970	-0.1650
methylation_k	replica	rebuilt	0	prott5	0.4592	0.1604	9669	0.1700	0.7333	0.3889	9669	0.1700	-0.2740	-0.2285
methylation_k	replica	replica	0	prott5	0.7983	0.6414	5628	0.2921	0.7775	0.6009	5628	0.2921	0.0208	0.0405
methylation_k	replica	rebuilt	1	esm2	0.4967	0.1679	9257	0.1583	0.7308	0.3944	9257	0.1583	-0.2341	-0.2264
methylation_k	replica	replica	1	esm2	0.8127	0.7022	3867	0.3788	0.7709	0.6985	3867	0.3788	0.0418	0.0037
methylation_k	replica	rebuilt	1	interaction	0.4830	0.1516	9257	0.1583	0.7308	0.3944	9257	0.1583	-0.2479	-0.2428
methylation_k	replica	replica	1	interaction	0.6550	0.5164	3867	0.3788	0.7709	0.6985	3867	0.3788	-0.1159	-0.1821
methylation_k	replica	rebuilt	1	prott5	0.5098	0.1666	9257	0.1583	0.7308	0.3944	9257	0.1583	-0.2210	-0.2277
methylation_k	replica	replica	1	prott5	0.8163	0.7775	3867	0.3788	0.7709	0.6985	3867	0.3788	0.0453	0.0790
methylation_k	replica	rebuilt	2	esm2	0.4971	0.1786	9639	0.1621	0.7428	0.3846	9639	0.1621	-0.2456	-0.2060
methylation_k	replica	replica	2	esm2	0.8269	0.7786	4431	0.3525	0.7606	0.6537	4431	0.3525	0.0663	0.1249
methylation_k	replica	rebuilt	2	interaction	0.4809	0.1555	9639	0.1621	0.7428	0.3846	9639	0.1621	-0.2619	-0.2291
methylation_k	replica	replica	2	interaction	0.8146	0.7557	4431	0.3525	0.7606	0.6537	4431	0.3525	0.0540	0.1020
methylation_k	replica	rebuilt	2	prott5	0.5135	0.1788	9639	0.1621	0.7428	0.3846	9639	0.1621	-0.2293	-0.2058
methylation_k	replica	replica	2	prott5	0.9091	0.8760	4431	0.3525	0.7606	0.6537	4431	0.3525	0.1485	0.2224
methylation_k	replica	rebuilt	0	esm2_perm	0.4865	0.1641	9669	0.1700	0.7333	0.3889	9669	0.1700	-0.2468	-0.2248
methylation_k	replica	replica	0	esm2_perm	0.6917	0.4252	5628	0.2921	0.7775	0.6009	5628	0.2921	-0.0858	-0.1757
methylation_k	replica	rebuilt	0	interaction_perm	0.5396	0.1962	9669	0.1700	0.7333	0.3889	9669	0.1700	-0.1937	-0.1927
methylation_k	replica	replica	0	interaction_perm	0.4167	0.2747	5628	0.2921	0.7775	0.6009	5628	0.2921	-0.3608	-0.3261
methylation_k	replica	rebuilt	0	prott5_perm	0.5265	0.1822	9669	0.1700	0.7333	0.3889	9669	0.1700	-0.2068	-0.2067
methylation_k	replica	replica	0	prott5_perm	0.5467	0.3655	5628	0.2921	0.7775	0.6009	5628	0.2921	-0.2309	-0.2354
methylation_k	replica	rebuilt	1	esm2_perm	0.5318	0.1813	9257	0.1583	0.7308	0.3944	9257	0.1583	-0.1990	-0.2131
methylation_k	replica	replica	1	esm2_perm	0.6012	0.4704	3867	0.3788	0.7709	0.6985	3867	0.3788	-0.1697	-0.2281
methylation_k	replica	rebuilt	1	interaction_perm	0.5250	0.1647	9257	0.1583	0.7308	0.3944	9257	0.1583	-0.2058	-0.2296
methylation_k	replica	replica	1	interaction_perm	0.3968	0.3493	3867	0.3788	0.7709	0.6985	3867	0.3788	-0.3741	-0.3492
methylation_k	replica	rebuilt	1	prott5_perm	0.5497	0.1767	9257	0.1583	0.7308	0.3944	9257	0.1583	-0.1811	-0.2176
methylation_k	replica	replica	1	prott5_perm	0.5374	0.4188	3867	0.3788	0.7709	0.6985	3867	0.3788	-0.2335	-0.2797
methylation_k	replica	rebuilt	2	esm2_perm	0.5625	0.1893	9639	0.1621	0.7428	0.3846	9639	0.1621	-0.1803	-0.1952
methylation_k	replica	replica	2	esm2_perm	0.5368	0.4725	4431	0.3525	0.7606	0.6537	4431	0.3525	-0.2238	-0.1811
methylation_k	replica	rebuilt	2	interaction_perm	0.5509	0.1952	9639	0.1621	0.7428	0.3846	9639	0.1621	-0.1919	-0.1894
methylation_k	replica	replica	2	interaction_perm	0.4864	0.3740	4431	0.3525	0.7606	0.6537	4431	0.3525	-0.2742	-0.2796
methylation_k	replica	rebuilt	2	prott5_perm	0.5204	0.1709	9639	0.1621	0.7428	0.3846	9639	0.1621	-0.2223	-0.2136
methylation_k	replica	replica	2	prott5_perm	0.3964	0.3146	4431	0.3525	0.7606	0.6537	4431	0.3525	-0.3642	-0.3390
methylation_r	rebuilt	rebuilt	0	esm2	0.8501	0.6362	5882	0.1763	0.8258	0.5656	5882	0.1763	0.0243	0.0706
methylation_r	rebuilt	replica	0	esm2	0.8256	0.6920	2929	0.3540	0.8094	0.6954	2929	0.3540	0.0162	-0.0033
methylation_r	rebuilt	rebuilt	0	interaction	0.8356	0.6021	5882	0.1763	0.8258	0.5656	5882	0.1763	0.0098	0.0365
methylation_r	rebuilt	replica	0	interaction	0.8076	0.6906	2929	0.3540	0.8094	0.6954	2929	0.3540	-0.0017	-0.0048
methylation_r	rebuilt	rebuilt	0	prott5	0.8563	0.6298	5882	0.1763	0.8258	0.5656	5882	0.1763	0.0305	0.0642
methylation_r	rebuilt	replica	0	prott5	0.8541	0.7362	2929	0.3540	0.8094	0.6954	2929	0.3540	0.0447	0.0408
methylation_r	rebuilt	rebuilt	1	esm2	0.8462	0.5933	5687	0.1570	0.7998	0.5143	5687	0.1570	0.0464	0.0791
methylation_r	rebuilt	replica	1	esm2	0.8327	0.8177	1895	0.4712	0.7957	0.7835	1895	0.4712	0.0370	0.0342
methylation_r	rebuilt	rebuilt	1	interaction	0.8197	0.5618	5687	0.1570	0.7998	0.5143	5687	0.1570	0.0199	0.0475
methylation_r	rebuilt	replica	1	interaction	0.7781	0.7651	1895	0.4712	0.7957	0.7835	1895	0.4712	-0.0176	-0.0184
methylation_r	rebuilt	rebuilt	1	prott5	0.8424	0.5913	5687	0.1570	0.7998	0.5143	5687	0.1570	0.0427	0.0771
methylation_r	rebuilt	replica	1	prott5	0.8430	0.8238	1895	0.4712	0.7957	0.7835	1895	0.4712	0.0473	0.0403
methylation_r	rebuilt	rebuilt	2	esm2	0.8466	0.6001	5905	0.1629	0.8152	0.5346	5905	0.1629	0.0315	0.0655
methylation_r	rebuilt	replica	2	esm2	0.8246	0.7351	2370	0.4059	0.7943	0.7338	2370	0.4059	0.0303	0.0013
methylation_r	rebuilt	rebuilt	2	interaction	0.8338	0.5683	5905	0.1629	0.8152	0.5346	5905	0.1629	0.0186	0.0337
methylation_r	rebuilt	replica	2	interaction	0.8211	0.7670	2370	0.4059	0.7943	0.7338	2370	0.4059	0.0268	0.0333
methylation_r	rebuilt	rebuilt	2	prott5	0.8495	0.6137	5905	0.1629	0.8152	0.5346	5905	0.1629	0.0343	0.0791
methylation_r	rebuilt	replica	2	prott5	0.8360	0.7601	2370	0.4059	0.7943	0.7338	2370	0.4059	0.0417	0.0264
methylation_r	rebuilt	rebuilt	0	esm2_perm	0.8262	0.5787	5882	0.1763	0.8258	0.5656	5882	0.1763	0.0004	0.0130
methylation_r	rebuilt	replica	0	esm2_perm	0.8084	0.6968	2929	0.3540	0.8094	0.6954	2929	0.3540	-0.0010	0.0014
methylation_r	rebuilt	rebuilt	0	interaction_perm	0.8223	0.5562	5882	0.1763	0.8258	0.5656	5882	0.1763	-0.0034	-0.0094
methylation_r	rebuilt	replica	0	interaction_perm	0.8131	0.7176	2929	0.3540	0.8094	0.6954	2929	0.3540	0.0037	0.0222
methylation_r	rebuilt	rebuilt	0	prott5_perm	0.8211	0.5475	5882	0.1763	0.8258	0.5656	5882	0.1763	-0.0046	-0.0181
methylation_r	rebuilt	replica	0	prott5_perm	0.7951	0.6744	2929	0.3540	0.8094	0.6954	2929	0.3540	-0.0143	-0.0210
methylation_r	rebuilt	rebuilt	1	esm2_perm	0.7831	0.4927	5687	0.1570	0.7998	0.5143	5687	0.1570	-0.0166	-0.0216
methylation_r	rebuilt	replica	1	esm2_perm	0.7808	0.7737	1895	0.4712	0.7957	0.7835	1895	0.4712	-0.0149	-0.0098
methylation_r	rebuilt	rebuilt	1	interaction_perm	0.7929	0.4903	5687	0.1570	0.7998	0.5143	5687	0.1570	-0.0068	-0.0239
methylation_r	rebuilt	replica	1	interaction_perm	0.8139	0.8074	1895	0.4712	0.7957	0.7835	1895	0.4712	0.0182	0.0239
methylation_r	rebuilt	rebuilt	1	prott5_perm	0.8050	0.5264	5687	0.1570	0.7998	0.5143	5687	0.1570	0.0052	0.0121
methylation_r	rebuilt	replica	1	prott5_perm	0.8109	0.8064	1895	0.4712	0.7957	0.7835	1895	0.4712	0.0151	0.0229
methylation_r	rebuilt	rebuilt	2	esm2_perm	0.8062	0.5231	5905	0.1629	0.8152	0.5346	5905	0.1629	-0.0090	-0.0115
methylation_r	rebuilt	replica	2	esm2_perm	0.7778	0.7222	2370	0.4059	0.7943	0.7338	2370	0.4059	-0.0165	-0.0116
methylation_r	rebuilt	rebuilt	2	interaction_perm	0.8091	0.5075	5905	0.1629	0.8152	0.5346	5905	0.1629	-0.0060	-0.0271
methylation_r	rebuilt	replica	2	interaction_perm	0.8283	0.7768	2370	0.4059	0.7943	0.7338	2370	0.4059	0.0341	0.0430
methylation_r	rebuilt	rebuilt	2	prott5_perm	0.8119	0.5221	5905	0.1629	0.8152	0.5346	5905	0.1629	-0.0033	-0.0125
methylation_r	rebuilt	replica	2	prott5_perm	0.7952	0.7410	2370	0.4059	0.7943	0.7338	2370	0.4059	0.0009	0.0072
methylation_r	replica	rebuilt	0	esm2	0.5165	0.1983	5882	0.1763	0.7762	0.4399	5882	0.1763	-0.2597	-0.2416
methylation_r	replica	replica	0	esm2	0.9013	0.8446	2929	0.3540	0.8151	0.7089	2929	0.3540	0.0862	0.1357
methylation_r	replica	rebuilt	0	interaction	0.4662	0.1598	5882	0.1763	0.7762	0.4399	5882	0.1763	-0.3100	-0.2801
methylation_r	replica	replica	0	interaction	0.6814	0.5725	2929	0.3540	0.8151	0.7089	2929	0.3540	-0.1337	-0.1364
methylation_r	replica	rebuilt	0	prott5	0.4894	0.1760	5882	0.1763	0.7762	0.4399	5882	0.1763	-0.2868	-0.2639
methylation_r	replica	replica	0	prott5	0.8087	0.6694	2929	0.3540	0.8151	0.7089	2929	0.3540	-0.0063	-0.0395
methylation_r	replica	rebuilt	1	esm2	0.5408	0.1790	5687	0.1570	0.7600	0.4354	5687	0.1570	-0.2193	-0.2564
methylation_r	replica	replica	1	esm2	0.8482	0.8478	1895	0.4712	0.7898	0.7755	1895	0.4712	0.0584	0.0723
methylation_r	replica	rebuilt	1	interaction	0.4859	0.1543	5687	0.1570	0.7600	0.4354	5687	0.1570	-0.2742	-0.2811
methylation_r	replica	replica	1	interaction	0.7090	0.6773	1895	0.4712	0.7898	0.7755	1895	0.4712	-0.0807	-0.0982
methylation_r	replica	rebuilt	1	prott5	0.5516	0.1882	5687	0.1570	0.7600	0.4354	5687	0.1570	-0.2084	-0.2472
methylation_r	replica	replica	1	prott5	0.8455	0.8536	1895	0.4712	0.7898	0.7755	1895	0.4712	0.0557	0.0781
methylation_r	replica	rebuilt	2	esm2	0.5748	0.2145	5905	0.1629	0.7673	0.3921	5905	0.1629	-0.1924	-0.1776
methylation_r	replica	replica	2	esm2	0.8675	0.8573	2370	0.4059	0.8010	0.7494	2370	0.4059	0.0664	0.1079
methylation_r	replica	rebuilt	2	interaction	0.5064	0.1656	5905	0.1629	0.7673	0.3921	5905	0.1629	-0.2609	-0.2265
methylation_r	replica	replica	2	interaction	0.8519	0.8263	2370	0.4059	0.8010	0.7494	2370	0.4059	0.0508	0.0769
methylation_r	replica	rebuilt	2	prott5	0.5332	0.1922	5905	0.1629	0.7673	0.3921	5905	0.1629	-0.2341	-0.2000
methylation_r	replica	replica	2	prott5	0.8802	0.8717	2370	0.4059	0.8010	0.7494	2370	0.4059	0.0792	0.1222
methylation_r	replica	rebuilt	0	esm2_perm	0.5742	0.2100	5882	0.1763	0.7762	0.4399	5882	0.1763	-0.2020	-0.2299
methylation_r	replica	replica	0	esm2_perm	0.7117	0.5266	2929	0.3540	0.8151	0.7089	2929	0.3540	-0.1033	-0.1823
methylation_r	replica	rebuilt	0	interaction_perm	0.5444	0.1958	5882	0.1763	0.7762	0.4399	5882	0.1763	-0.2318	-0.2441
methylation_r	replica	replica	0	interaction_perm	0.4667	0.3699	2929	0.3540	0.8151	0.7089	2929	0.3540	-0.3484	-0.3390
methylation_r	replica	rebuilt	0	prott5_perm	0.5824	0.2151	5882	0.1763	0.7762	0.4399	5882	0.1763	-0.1938	-0.2247
methylation_r	replica	replica	0	prott5_perm	0.6101	0.4981	2929	0.3540	0.8151	0.7089	2929	0.3540	-0.2050	-0.2108
methylation_r	replica	rebuilt	1	esm2_perm	0.5371	0.1661	5687	0.1570	0.7600	0.4354	5687	0.1570	-0.2229	-0.2693
methylation_r	replica	replica	1	esm2_perm	0.6149	0.5564	1895	0.4712	0.7898	0.7755	1895	0.4712	-0.1748	-0.2191
methylation_r	replica	rebuilt	1	interaction_perm	0.5610	0.1868	5687	0.1570	0.7600	0.4354	5687	0.1570	-0.1991	-0.2486
methylation_r	replica	replica	1	interaction_perm	0.4482	0.4301	1895	0.4712	0.7898	0.7755	1895	0.4712	-0.3416	-0.3453
methylation_r	replica	rebuilt	1	prott5_perm	0.5923	0.1908	5687	0.1570	0.7600	0.4354	5687	0.1570	-0.1677	-0.2446
methylation_r	replica	replica	1	prott5_perm	0.5767	0.5788	1895	0.4712	0.7898	0.7755	1895	0.4712	-0.2131	-0.1967
methylation_r	replica	rebuilt	2	esm2_perm	0.5904	0.2097	5905	0.1629	0.7673	0.3921	5905	0.1629	-0.1769	-0.1824
methylation_r	replica	replica	2	esm2_perm	0.5482	0.5008	2370	0.4059	0.8010	0.7494	2370	0.4059	-0.2528	-0.2486
methylation_r	replica	rebuilt	2	interaction_perm	0.5649	0.2021	5905	0.1629	0.7673	0.3921	5905	0.1629	-0.2024	-0.1900
methylation_r	replica	replica	2	interaction_perm	0.7102	0.5927	2370	0.4059	0.8010	0.7494	2370	0.4059	-0.0908	-0.1567
methylation_r	replica	rebuilt	2	prott5_perm	0.5733	0.1992	5905	0.1629	0.7673	0.3921	5905	0.1629	-0.1940	-0.1929
methylation_r	replica	replica	2	prott5_perm	0.4407	0.3783	2370	0.4059	0.8010	0.7494	2370	0.4059	-0.3603	-0.3711
phosphorylation_st	rebuilt	rebuilt	0	esm2	0.9040	0.7034	109067	0.1732	0.8725	0.6293	109067	0.1732	0.0315	0.0740
phosphorylation_st	rebuilt	replica	0	esm2	0.8904	0.7475	77441	0.2439	0.8633	0.6991	77441	0.2439	0.0271	0.0484
phosphorylation_st	rebuilt	rebuilt	0	interaction	0.8868	0.6647	109067	0.1732	0.8725	0.6293	109067	0.1732	0.0143	0.0353
phosphorylation_st	rebuilt	replica	0	interaction	0.8674	0.7008	77441	0.2439	0.8633	0.6991	77441	0.2439	0.0041	0.0017
phosphorylation_st	rebuilt	rebuilt	0	prott5	0.9061	0.7106	109067	0.1732	0.8725	0.6293	109067	0.1732	0.0336	0.0812
phosphorylation_st	rebuilt	replica	0	prott5	0.8890	0.7467	77441	0.2439	0.8633	0.6991	77441	0.2439	0.0257	0.0476
phosphorylation_st	rebuilt	rebuilt	1	esm2	0.9095	0.7063	104533	0.1653	0.8753	0.6195	104533	0.1653	0.0342	0.0867
phosphorylation_st	rebuilt	replica	1	esm2	0.8863	0.7409	70294	0.2458	0.8602	0.6903	70294	0.2458	0.0261	0.0506
phosphorylation_st	rebuilt	rebuilt	1	interaction	0.8922	0.6555	104533	0.1653	0.8753	0.6195	104533	0.1653	0.0169	0.0360
phosphorylation_st	rebuilt	replica	1	interaction	0.8663	0.6970	70294	0.2458	0.8602	0.6903	70294	0.2458	0.0061	0.0067
phosphorylation_st	rebuilt	rebuilt	1	prott5	0.9088	0.7014	104533	0.1653	0.8753	0.6195	104533	0.1653	0.0334	0.0818
phosphorylation_st	rebuilt	replica	1	prott5	0.8837	0.7336	70294	0.2458	0.8602	0.6903	70294	0.2458	0.0235	0.0433
phosphorylation_st	rebuilt	rebuilt	2	esm2	0.9022	0.6905	108636	0.1711	0.8756	0.6218	108636	0.1711	0.0267	0.0687
phosphorylation_st	rebuilt	replica	2	esm2	0.8889	0.7356	75790	0.2453	0.8715	0.7110	75790	0.2453	0.0174	0.0246
phosphorylation_st	rebuilt	rebuilt	2	interaction	0.8879	0.6641	108636	0.1711	0.8756	0.6218	108636	0.1711	0.0124	0.0424
phosphorylation_st	rebuilt	replica	2	interaction	0.8748	0.7197	75790	0.2453	0.8715	0.7110	75790	0.2453	0.0034	0.0086
phosphorylation_st	rebuilt	rebuilt	2	prott5	0.9036	0.6931	108636	0.1711	0.8756	0.6218	108636	0.1711	0.0281	0.0714
phosphorylation_st	rebuilt	replica	2	prott5	0.8873	0.7320	75790	0.2453	0.8715	0.7110	75790	0.2453	0.0158	0.0209
phosphorylation_st	rebuilt	rebuilt	0	esm2_perm	0.8605	0.6032	109067	0.1732	0.8725	0.6293	109067	0.1732	-0.0121	-0.0261
phosphorylation_st	rebuilt	replica	0	esm2_perm	0.8507	0.6746	77441	0.2439	0.8633	0.6991	77441	0.2439	-0.0127	-0.0245
phosphorylation_st	rebuilt	rebuilt	0	interaction_perm	0.8565	0.5889	109067	0.1732	0.8725	0.6293	109067	0.1732	-0.0160	-0.0404
phosphorylation_st	rebuilt	replica	0	interaction_perm	0.8469	0.6648	77441	0.2439	0.8633	0.6991	77441	0.2439	-0.0164	-0.0343
phosphorylation_st	rebuilt	rebuilt	0	prott5_perm	0.8595	0.5943	109067	0.1732	0.8725	0.6293	109067	0.1732	-0.0130	-0.0350
phosphorylation_st	rebuilt	replica	0	prott5_perm	0.8516	0.6722	77441	0.2439	0.8633	0.6991	77441	0.2439	-0.0118	-0.0269
phosphorylation_st	rebuilt	rebuilt	1	esm2_perm	0.8644	0.5922	104533	0.1653	0.8753	0.6195	104533	0.1653	-0.0109	-0.0273
phosphorylation_st	rebuilt	replica	1	esm2_perm	0.8479	0.6630	70294	0.2458	0.8602	0.6903	70294	0.2458	-0.0123	-0.0273
phosphorylation_st	rebuilt	rebuilt	1	interaction_perm	0.8534	0.5689	104533	0.1653	0.8753	0.6195	104533	0.1653	-0.0219	-0.0507
phosphorylation_st	rebuilt	replica	1	interaction_perm	0.8382	0.6467	70294	0.2458	0.8602	0.6903	70294	0.2458	-0.0220	-0.0436
phosphorylation_st	rebuilt	rebuilt	1	prott5_perm	0.8640	0.5934	104533	0.1653	0.8753	0.6195	104533	0.1653	-0.0113	-0.0261
phosphorylation_st	rebuilt	replica	1	prott5_perm	0.8468	0.6637	70294	0.2458	0.8602	0.6903	70294	0.2458	-0.0133	-0.0267
phosphorylation_st	rebuilt	rebuilt	2	esm2_perm	0.8675	0.5987	108636	0.1711	0.8756	0.6218	108636	0.1711	-0.0080	-0.0230
phosphorylation_st	rebuilt	replica	2	esm2_perm	0.8625	0.6915	75790	0.2453	0.8715	0.7110	75790	0.2453	-0.0090	-0.0195
phosphorylation_st	rebuilt	rebuilt	2	interaction_perm	0.8647	0.5952	108636	0.1711	0.8756	0.6218	108636	0.1711	-0.0109	-0.0265
phosphorylation_st	rebuilt	replica	2	interaction_perm	0.8577	0.6860	75790	0.2453	0.8715	0.7110	75790	0.2453	-0.0137	-0.0250
phosphorylation_st	rebuilt	rebuilt	2	prott5_perm	0.8591	0.5715	108636	0.1711	0.8756	0.6218	108636	0.1711	-0.0165	-0.0502
phosphorylation_st	rebuilt	replica	2	prott5_perm	0.8532	0.6659	75790	0.2453	0.8715	0.7110	75790	0.2453	-0.0183	-0.0451
phosphorylation_st	replica	rebuilt	0	esm2	0.8449	0.4914	109067	0.1732	0.8693	0.6228	109067	0.1732	-0.0244	-0.1314
phosphorylation_st	replica	replica	0	esm2	0.8959	0.7619	77441	0.2439	0.8646	0.7025	77441	0.2439	0.0312	0.0594
phosphorylation_st	replica	rebuilt	0	interaction	0.8498	0.5302	109067	0.1732	0.8693	0.6228	109067	0.1732	-0.0196	-0.0926
phosphorylation_st	replica	replica	0	interaction	0.8659	0.6842	77441	0.2439	0.8646	0.7025	77441	0.2439	0.0012	-0.0183
phosphorylation_st	replica	rebuilt	0	prott5	0.8464	0.4921	109067	0.1732	0.8693	0.6228	109067	0.1732	-0.0229	-0.1307
phosphorylation_st	replica	replica	0	prott5	0.8972	0.7608	77441	0.2439	0.8646	0.7025	77441	0.2439	0.0325	0.0583
phosphorylation_st	replica	rebuilt	1	esm2	0.8328	0.4308	104533	0.1653	0.8722	0.6128	104533	0.1653	-0.0394	-0.1820
phosphorylation_st	replica	replica	1	esm2	0.8978	0.7662	70294	0.2458	0.8662	0.7042	70294	0.2458	0.0316	0.0620
phosphorylation_st	replica	rebuilt	1	interaction	0.8591	0.5591	104533	0.1653	0.8722	0.6128	104533	0.1653	-0.0132	-0.0537
phosphorylation_st	replica	replica	1	interaction	0.8677	0.7031	70294	0.2458	0.8662	0.7042	70294	0.2458	0.0015	-0.0011
phosphorylation_st	replica	rebuilt	1	prott5	0.8289	0.4289	104533	0.1653	0.8722	0.6128	104533	0.1653	-0.0433	-0.1839
phosphorylation_st	replica	replica	1	prott5	0.8976	0.7658	70294	0.2458	0.8662	0.7042	70294	0.2458	0.0313	0.0615
phosphorylation_st	replica	rebuilt	2	esm2	0.8561	0.5059	108636	0.1711	0.8719	0.6111	108636	0.1711	-0.0158	-0.1052
phosphorylation_st	replica	replica	2	esm2	0.9025	0.7708	75790	0.2453	0.8721	0.7141	75790	0.2453	0.0304	0.0567
phosphorylation_st	replica	rebuilt	2	interaction	0.8591	0.5556	108636	0.1711	0.8719	0.6111	108636	0.1711	-0.0128	-0.0555
phosphorylation_st	replica	replica	2	interaction	0.8782	0.7221	75790	0.2453	0.8721	0.7141	75790	0.2453	0.0061	0.0080
phosphorylation_st	replica	rebuilt	2	prott5	0.8344	0.4411	108636	0.1711	0.8719	0.6111	108636	0.1711	-0.0375	-0.1700
phosphorylation_st	replica	replica	2	prott5	0.9002	0.7660	75790	0.2453	0.8721	0.7141	75790	0.2453	0.0281	0.0519
phosphorylation_st	replica	rebuilt	0	esm2_perm	0.8544	0.5855	109067	0.1732	0.8693	0.6228	109067	0.1732	-0.0149	-0.0373
phosphorylation_st	replica	replica	0	esm2_perm	0.8508	0.6732	77441	0.2439	0.8646	0.7025	77441	0.2439	-0.0138	-0.0293
phosphorylation_st	replica	rebuilt	0	interaction_perm	0.8494	0.5723	109067	0.1732	0.8693	0.6228	109067	0.1732	-0.0199	-0.0505
phosphorylation_st	replica	replica	0	interaction_perm	0.8449	0.6626	77441	0.2439	0.8646	0.7025	77441	0.2439	-0.0197	-0.0399
phosphorylation_st	replica	rebuilt	0	prott5_perm	0.8562	0.5945	109067	0.1732	0.8693	0.6228	109067	0.1732	-0.0131	-0.0283
phosphorylation_st	replica	replica	0	prott5_perm	0.8516	0.6773	77441	0.2439	0.8646	0.7025	77441	0.2439	-0.0131	-0.0252
phosphorylation_st	replica	rebuilt	1	esm2_perm	0.8552	0.5768	104533	0.1653	0.8722	0.6128	104533	0.1653	-0.0170	-0.0360
phosphorylation_st	replica	replica	1	esm2_perm	0.8497	0.6727	70294	0.2458	0.8662	0.7042	70294	0.2458	-0.0165	-0.0315
phosphorylation_st	replica	rebuilt	1	interaction_perm	0.8518	0.5650	104533	0.1653	0.8722	0.6128	104533	0.1653	-0.0205	-0.0478
phosphorylation_st	replica	replica	1	interaction_perm	0.8414	0.6548	70294	0.2458	0.8662	0.7042	70294	0.2458	-0.0248	-0.0494
phosphorylation_st	replica	rebuilt	1	prott5_perm	0.8511	0.5660	104533	0.1653	0.8722	0.6128	104533	0.1653	-0.0211	-0.0468
phosphorylation_st	replica	replica	1	prott5_perm	0.8460	0.6659	70294	0.2458	0.8662	0.7042	70294	0.2458	-0.0202	-0.0383
phosphorylation_st	replica	rebuilt	2	esm2_perm	0.8597	0.5801	108636	0.1711	0.8719	0.6111	108636	0.1711	-0.0122	-0.0310
phosphorylation_st	replica	replica	2	esm2_perm	0.8574	0.6817	75790	0.2453	0.8721	0.7141	75790	0.2453	-0.0147	-0.0324
phosphorylation_st	replica	rebuilt	2	interaction_perm	0.8589	0.5797	108636	0.1711	0.8719	0.6111	108636	0.1711	-0.0130	-0.0314
phosphorylation_st	replica	replica	2	interaction_perm	0.8549	0.6775	75790	0.2453	0.8721	0.7141	75790	0.2453	-0.0172	-0.0366
phosphorylation_st	replica	rebuilt	2	prott5_perm	0.8503	0.5581	108636	0.1711	0.8719	0.6111	108636	0.1711	-0.0216	-0.0530
phosphorylation_st	replica	replica	2	prott5_perm	0.8481	0.6568	75790	0.2453	0.8721	0.7141	75790	0.2453	-0.0240	-0.0574
phosphorylation_y	rebuilt	rebuilt	0	esm2	0.8357	0.5261	7010	0.1641	0.7950	0.4505	7010	0.1641	0.0407	0.0756
phosphorylation_y	rebuilt	replica	0	esm2	0.8425	0.5333	7194	0.1599	0.7896	0.4317	7194	0.1599	0.0529	0.1016
phosphorylation_y	rebuilt	rebuilt	0	interaction	0.8148	0.4750	7010	0.1641	0.7950	0.4505	7010	0.1641	0.0198	0.0244
phosphorylation_y	rebuilt	replica	0	interaction	0.8162	0.4652	7194	0.1599	0.7896	0.4317	7194	0.1599	0.0267	0.0335
phosphorylation_y	rebuilt	rebuilt	0	prott5	0.8369	0.5244	7010	0.1641	0.7950	0.4505	7010	0.1641	0.0419	0.0739
phosphorylation_y	rebuilt	replica	0	prott5	0.8430	0.5246	7194	0.1599	0.7896	0.4317	7194	0.1599	0.0534	0.0929
phosphorylation_y	rebuilt	rebuilt	1	esm2	0.8340	0.5367	6859	0.1717	0.8105	0.4855	6859	0.1717	0.0236	0.0512
phosphorylation_y	rebuilt	replica	1	esm2	0.8421	0.5521	6633	0.1776	0.8038	0.4834	6633	0.1776	0.0383	0.0686
phosphorylation_y	rebuilt	rebuilt	1	interaction	0.8248	0.5118	6859	0.1717	0.8105	0.4855	6859	0.1717	0.0143	0.0262
phosphorylation_y	rebuilt	replica	1	interaction	0.8245	0.5177	6633	0.1776	0.8038	0.4834	6633	0.1776	0.0207	0.0342
phosphorylation_y	rebuilt	rebuilt	1	prott5	0.8437	0.5568	6859	0.1717	0.8105	0.4855	6859	0.1717	0.0333	0.0712
phosphorylation_y	rebuilt	replica	1	prott5	0.8467	0.5701	6633	0.1776	0.8038	0.4834	6633	0.1776	0.0429	0.0867
phosphorylation_y	rebuilt	rebuilt	2	esm2	0.8353	0.5180	7095	0.1614	0.8023	0.4597	7095	0.1614	0.0330	0.0584
phosphorylation_y	rebuilt	replica	2	esm2	0.8525	0.5563	7086	0.1616	0.8041	0.4628	7086	0.1616	0.0483	0.0936
phosphorylation_y	rebuilt	rebuilt	2	interaction	0.8074	0.4728	7095	0.1614	0.8023	0.4597	7095	0.1614	0.0051	0.0132
phosphorylation_y	rebuilt	replica	2	interaction	0.8197	0.4909	7086	0.1616	0.8041	0.4628	7086	0.1616	0.0156	0.0281
phosphorylation_y	rebuilt	rebuilt	2	prott5	0.8352	0.5294	7095	0.1614	0.8023	0.4597	7095	0.1614	0.0329	0.0698
phosphorylation_y	rebuilt	replica	2	prott5	0.8556	0.5715	7086	0.1616	0.8041	0.4628	7086	0.1616	0.0515	0.1087
phosphorylation_y	rebuilt	rebuilt	0	esm2_perm	0.7891	0.4288	7010	0.1641	0.7950	0.4505	7010	0.1641	-0.0059	-0.0217
phosphorylation_y	rebuilt	replica	0	esm2_perm	0.7843	0.4120	7194	0.1599	0.7896	0.4317	7194	0.1599	-0.0053	-0.0197
phosphorylation_y	rebuilt	rebuilt	0	interaction_perm	0.7746	0.4153	7010	0.1641	0.7950	0.4505	7010	0.1641	-0.0204	-0.0353
phosphorylation_y	rebuilt	replica	0	interaction_perm	0.7671	0.3881	7194	0.1599	0.7896	0.4317	7194	0.1599	-0.0224	-0.0437
phosphorylation_y	rebuilt	rebuilt	0	prott5_perm	0.7887	0.4179	7010	0.1641	0.7950	0.4505	7010	0.1641	-0.0063	-0.0326
phosphorylation_y	rebuilt	replica	0	prott5_perm	0.7807	0.3974	7194	0.1599	0.7896	0.4317	7194	0.1599	-0.0089	-0.0343
phosphorylation_y	rebuilt	rebuilt	1	esm2_perm	0.8031	0.4738	6859	0.1717	0.8105	0.4855	6859	0.1717	-0.0074	-0.0117
phosphorylation_y	rebuilt	replica	1	esm2_perm	0.7946	0.4544	6633	0.1776	0.8038	0.4834	6633	0.1776	-0.0092	-0.0290
phosphorylation_y	rebuilt	rebuilt	1	interaction_perm	0.7986	0.4568	6859	0.1717	0.8105	0.4855	6859	0.1717	-0.0119	-0.0287
phosphorylation_y	rebuilt	replica	1	interaction_perm	0.7897	0.4509	6633	0.1776	0.8038	0.4834	6633	0.1776	-0.0141	-0.0325
phosphorylation_y	rebuilt	rebuilt	1	prott5_perm	0.8006	0.4566	6859	0.1717	0.8105	0.4855	6859	0.1717	-0.0098	-0.0289
phosphorylation_y	rebuilt	replica	1	prott5_perm	0.7942	0.4474	6633	0.1776	0.8038	0.4834	6633	0.1776	-0.0097	-0.0360
phosphorylation_y	rebuilt	rebuilt	2	esm2_perm	0.8021	0.4533	7095	0.1614	0.8023	0.4597	7095	0.1614	-0.0002	-0.0064
phosphorylation_y	rebuilt	replica	2	esm2_perm	0.8058	0.4532	7086	0.1616	0.8041	0.4628	7086	0.1616	0.0017	-0.0095
phosphorylation_y	rebuilt	rebuilt	2	interaction_perm	0.7904	0.4164	7095	0.1614	0.8023	0.4597	7095	0.1614	-0.0119	-0.0433
phosphorylation_y	rebuilt	replica	2	interaction_perm	0.7907	0.4206	7086	0.1616	0.8041	0.4628	7086	0.1616	-0.0134	-0.0422
phosphorylation_y	rebuilt	rebuilt	2	prott5_perm	0.7960	0.4367	7095	0.1614	0.8023	0.4597	7095	0.1614	-0.0063	-0.0229
phosphorylation_y	rebuilt	replica	2	prott5_perm	0.7969	0.4303	7086	0.1616	0.8041	0.4628	7086	0.1616	-0.0072	-0.0324
phosphorylation_y	replica	rebuilt	0	esm2	0.8132	0.4692	7010	0.1641	0.7914	0.4421	7010	0.1641	0.0218	0.0271
phosphorylation_y	replica	replica	0	esm2	0.8510	0.5699	7194	0.1599	0.7870	0.4257	7194	0.1599	0.0639	0.1442
phosphorylation_y	replica	rebuilt	0	interaction	0.8031	0.4542	7010	0.1641	0.7914	0.4421	7010	0.1641	0.0117	0.0121
phosphorylation_y	replica	replica	0	interaction	0.8198	0.4759	7194	0.1599	0.7870	0.4257	7194	0.1599	0.0327	0.0502
phosphorylation_y	replica	rebuilt	0	prott5	0.8121	0.4533	7010	0.1641	0.7914	0.4421	7010	0.1641	0.0207	0.0112
phosphorylation_y	replica	replica	0	prott5	0.8592	0.5783	7194	0.1599	0.7870	0.4257	7194	0.1599	0.0722	0.1526
phosphorylation_y	replica	rebuilt	1	esm2	0.8191	0.4784	6859	0.1717	0.8052	0.4632	6859	0.1717	0.0139	0.0152
phosphorylation_y	replica	replica	1	esm2	0.8517	0.5839	6633	0.1776	0.8013	0.4623	6633	0.1776	0.0504	0.1216
phosphorylation_y	replica	rebuilt	1	interaction	0.8066	0.4737	6859	0.1717	0.8052	0.4632	6859	0.1717	0.0014	0.0105
phosphorylation_y	replica	replica	1	interaction	0.8205	0.5143	6633	0.1776	0.8013	0.4623	6633	0.1776	0.0192	0.0520
phosphorylation_y	replica	rebuilt	1	prott5	0.8173	0.4840	6859	0.1717	0.8052	0.4632	6859	0.1717	0.0121	0.0208
phosphorylation_y	replica	replica	1	prott5	0.8539	0.5924	6633	0.1776	0.8013	0.4623	6633	0.1776	0.0526	0.1301
phosphorylation_y	replica	rebuilt	2	esm2	0.8141	0.4556	7095	0.1614	0.8050	0.4602	7095	0.1614	0.0090	-0.0046
phosphorylation_y	replica	replica	2	esm2	0.8619	0.5985	7086	0.1616	0.8069	0.4634	7086	0.1616	0.0550	0.1351
phosphorylation_y	replica	rebuilt	2	interaction	0.7916	0.4299	7095	0.1614	0.8050	0.4602	7095	0.1614	-0.0134	-0.0303
phosphorylation_y	replica	replica	2	interaction	0.8122	0.4781	7086	0.1616	0.8069	0.4634	7086	0.1616	0.0053	0.0147
phosphorylation_y	replica	rebuilt	2	prott5	0.8120	0.4378	7095	0.1614	0.8050	0.4602	7095	0.1614	0.0070	-0.0224
phosphorylation_y	replica	replica	2	prott5	0.8683	0.6078	7086	0.1616	0.8069	0.4634	7086	0.1616	0.0614	0.1444
phosphorylation_y	replica	rebuilt	0	esm2_perm	0.7866	0.4217	7010	0.1641	0.7914	0.4421	7010	0.1641	-0.0048	-0.0204
phosphorylation_y	replica	replica	0	esm2_perm	0.7832	0.4124	7194	0.1599	0.7870	0.4257	7194	0.1599	-0.0038	-0.0132
phosphorylation_y	replica	rebuilt	0	interaction_perm	0.7745	0.4056	7010	0.1641	0.7914	0.4421	7010	0.1641	-0.0168	-0.0365
phosphorylation_y	replica	replica	0	interaction_perm	0.7733	0.3920	7194	0.1599	0.7870	0.4257	7194	0.1599	-0.0138	-0.0337
phosphorylation_y	replica	rebuilt	0	prott5_perm	0.7877	0.4246	7010	0.1641	0.7914	0.4421	7010	0.1641	-0.0036	-0.0175
phosphorylation_y	replica	replica	0	prott5_perm	0.7835	0.4037	7194	0.1599	0.7870	0.4257	7194	0.1599	-0.0035	-0.0220
phosphorylation_y	replica	rebuilt	1	esm2_perm	0.7908	0.4427	6859	0.1717	0.8052	0.4632	6859	0.1717	-0.0144	-0.0205
phosphorylation_y	replica	replica	1	esm2_perm	0.7825	0.4249	6633	0.1776	0.8013	0.4623	6633	0.1776	-0.0189	-0.0374
phosphorylation_y	replica	rebuilt	1	interaction_perm	0.7921	0.4360	6859	0.1717	0.8052	0.4632	6859	0.1717	-0.0131	-0.0272
phosphorylation_y	replica	replica	1	interaction_perm	0.7884	0.4373	6633	0.1776	0.8013	0.4623	6633	0.1776	-0.0129	-0.0250
phosphorylation_y	replica	rebuilt	1	prott5_perm	0.7952	0.4411	6859	0.1717	0.8052	0.4632	6859	0.1717	-0.0100	-0.0221
phosphorylation_y	replica	replica	1	prott5_perm	0.7943	0.4396	6633	0.1776	0.8013	0.4623	6633	0.1776	-0.0070	-0.0227
phosphorylation_y	replica	rebuilt	2	esm2_perm	0.7998	0.4564	7095	0.1614	0.8050	0.4602	7095	0.1614	-0.0052	-0.0038
phosphorylation_y	replica	replica	2	esm2_perm	0.8015	0.4531	7086	0.1616	0.8069	0.4634	7086	0.1616	-0.0055	-0.0103
phosphorylation_y	replica	rebuilt	2	interaction_perm	0.7722	0.4100	7095	0.1614	0.8050	0.4602	7095	0.1614	-0.0329	-0.0502
phosphorylation_y	replica	replica	2	interaction_perm	0.7645	0.3882	7086	0.1616	0.8069	0.4634	7086	0.1616	-0.0424	-0.0753
phosphorylation_y	replica	rebuilt	2	prott5_perm	0.7903	0.4089	7095	0.1614	0.8050	0.4602	7095	0.1614	-0.0147	-0.0513
phosphorylation_y	replica	replica	2	prott5_perm	0.7934	0.4182	7086	0.1616	0.8069	0.4634	7086	0.1616	-0.0135	-0.0453
sumoylation_k	rebuilt	rebuilt	0	esm2	0.8320	0.5386	21890	0.1709	0.7851	0.4409	21890	0.1709	0.0470	0.0978
sumoylation_k	rebuilt	replica	0	esm2	0.8310	0.7728	8882	0.4213	0.8112	0.7479	8882	0.4213	0.0198	0.0249
sumoylation_k	rebuilt	rebuilt	0	interaction	0.8096	0.4907	21890	0.1709	0.7851	0.4409	21890	0.1709	0.0246	0.0499
sumoylation_k	rebuilt	replica	0	interaction	0.7907	0.7230	8882	0.4213	0.8112	0.7479	8882	0.4213	-0.0205	-0.0249
sumoylation_k	rebuilt	rebuilt	0	prott5	0.8459	0.5516	21890	0.1709	0.7851	0.4409	21890	0.1709	0.0608	0.1108
sumoylation_k	rebuilt	replica	0	prott5	0.8087	0.7447	8882	0.4213	0.8112	0.7479	8882	0.4213	-0.0025	-0.0032
sumoylation_k	rebuilt	rebuilt	1	esm2	0.8464	0.5399	26404	0.1604	0.7817	0.4317	26404	0.1604	0.0647	0.1082
sumoylation_k	rebuilt	replica	1	esm2	0.8263	0.7291	11821	0.3583	0.7977	0.6977	11821	0.3583	0.0286	0.0314
sumoylation_k	rebuilt	rebuilt	1	interaction	0.8117	0.4808	26404	0.1604	0.7817	0.4317	26404	0.1604	0.0300	0.0491
sumoylation_k	rebuilt	replica	1	interaction	0.7943	0.6886	11821	0.3583	0.7977	0.6977	11821	0.3583	-0.0033	-0.0091
sumoylation_k	rebuilt	rebuilt	1	prott5	0.8437	0.5301	26404	0.1604	0.7817	0.4317	26404	0.1604	0.0620	0.0985
sumoylation_k	rebuilt	replica	1	prott5	0.8289	0.7237	11821	0.3583	0.7977	0.6977	11821	0.3583	0.0312	0.0260
sumoylation_k	rebuilt	rebuilt	2	esm2	0.8424	0.5353	22292	0.1631	0.7740	0.4203	22292	0.1631	0.0684	0.1149
sumoylation_k	rebuilt	replica	2	esm2	0.8046	0.7638	8132	0.4471	0.8040	0.7610	8132	0.4471	0.0006	0.0027
sumoylation_k	rebuilt	rebuilt	2	interaction	0.8120	0.4804	22292	0.1631	0.7740	0.4203	22292	0.1631	0.0380	0.0600
sumoylation_k	rebuilt	replica	2	interaction	0.7886	0.7429	8132	0.4471	0.8040	0.7610	8132	0.4471	-0.0154	-0.0181
sumoylation_k	rebuilt	rebuilt	2	prott5	0.8542	0.5603	22292	0.1631	0.7740	0.4203	22292	0.1631	0.0802	0.1400
sumoylation_k	rebuilt	replica	2	prott5	0.7978	0.7483	8132	0.4471	0.8040	0.7610	8132	0.4471	-0.0062	-0.0128
sumoylation_k	rebuilt	rebuilt	0	esm2_perm	0.7409	0.3741	21890	0.1709	0.7851	0.4409	21890	0.1709	-0.0441	-0.0668
sumoylation_k	rebuilt	replica	0	esm2_perm	0.8005	0.7403	8882	0.4213	0.8112	0.7479	8882	0.4213	-0.0106	-0.0076
sumoylation_k	rebuilt	rebuilt	0	interaction_perm	0.7509	0.3835	21890	0.1709	0.7851	0.4409	21890	0.1709	-0.0341	-0.0574
sumoylation_k	rebuilt	replica	0	interaction_perm	0.8057	0.7586	8882	0.4213	0.8112	0.7479	8882	0.4213	-0.0055	0.0106
sumoylation_k	rebuilt	rebuilt	0	prott5_perm	0.7434	0.3760	21890	0.1709	0.7851	0.4409	21890	0.1709	-0.0416	-0.0648
sumoylation_k	rebuilt	replica	0	prott5_perm	0.8055	0.7472	8882	0.4213	0.8112	0.7479	8882	0.4213	-0.0057	-0.0008
sumoylation_k	rebuilt	rebuilt	1	esm2_perm	0.7325	0.3489	26404	0.1604	0.7817	0.4317	26404	0.1604	-0.0492	-0.0828
sumoylation_k	rebuilt	replica	1	esm2_perm	0.7594	0.6199	11821	0.3583	0.7977	0.6977	11821	0.3583	-0.0383	-0.0778
sumoylation_k	rebuilt	rebuilt	1	interaction_perm	0.7700	0.3928	26404	0.1604	0.7817	0.4317	26404	0.1604	-0.0118	-0.0389
sumoylation_k	rebuilt	replica	1	interaction_perm	0.7928	0.6743	11821	0.3583	0.7977	0.6977	11821	0.3583	-0.0049	-0.0234
sumoylation_k	rebuilt	rebuilt	1	prott5_perm	0.7391	0.3616	26404	0.1604	0.7817	0.4317	26404	0.1604	-0.0426	-0.0701
sumoylation_k	rebuilt	replica	1	prott5_perm	0.7654	0.6461	11821	0.3583	0.7977	0.6977	11821	0.3583	-0.0323	-0.0516
sumoylation_k	rebuilt	rebuilt	2	esm2_perm	0.7303	0.3464	22292	0.1631	0.7740	0.4203	22292	0.1631	-0.0437	-0.0739
sumoylation_k	rebuilt	replica	2	esm2_perm	0.7595	0.6854	8132	0.4471	0.8040	0.7610	8132	0.4471	-0.0445	-0.0756
sumoylation_k	rebuilt	rebuilt	2	interaction_perm	0.7491	0.3803	22292	0.1631	0.7740	0.4203	22292	0.1631	-0.0249	-0.0400
sumoylation_k	rebuilt	replica	2	interaction_perm	0.7584	0.7133	8132	0.4471	0.8040	0.7610	8132	0.4471	-0.0456	-0.0477
sumoylation_k	rebuilt	rebuilt	2	prott5_perm	0.7292	0.3349	22292	0.1631	0.7740	0.4203	22292	0.1631	-0.0448	-0.0854
sumoylation_k	rebuilt	replica	2	prott5_perm	0.7762	0.7194	8132	0.4471	0.8040	0.7610	8132	0.4471	-0.0278	-0.0417
sumoylation_k	replica	rebuilt	0	esm2	0.6973	0.3010	21890	0.1709	0.7734	0.4188	21890	0.1709	-0.0761	-0.1178
sumoylation_k	replica	replica	0	esm2	0.8564	0.8278	8882	0.4213	0.8235	0.7664	8882	0.4213	0.0329	0.0614
sumoylation_k	replica	rebuilt	0	interaction	0.6661	0.2601	21890	0.1709	0.7734	0.4188	21890	0.1709	-0.1073	-0.1587
sumoylation_k	replica	replica	0	interaction	0.8055	0.7409	8882	0.4213	0.8235	0.7664	8882	0.4213	-0.0180	-0.0255
sumoylation_k	replica	rebuilt	0	prott5	0.6949	0.2892	21890	0.1709	0.7734	0.4188	21890	0.1709	-0.0784	-0.1296
sumoylation_k	replica	replica	0	prott5	0.8643	0.8321	8882	0.4213	0.8235	0.7664	8882	0.4213	0.0408	0.0657
sumoylation_k	replica	rebuilt	1	esm2	0.7137	0.2855	26404	0.1604	0.7798	0.4096	26404	0.1604	-0.0662	-0.1242
sumoylation_k	replica	replica	1	esm2	0.8433	0.7579	11821	0.3583	0.8250	0.7309	11821	0.3583	0.0183	0.0270
sumoylation_k	replica	rebuilt	1	interaction	0.6401	0.2131	26404	0.1604	0.7798	0.4096	26404	0.1604	-0.1397	-0.1966
sumoylation_k	replica	replica	1	interaction	0.7921	0.6725	11821	0.3583	0.8250	0.7309	11821	0.3583	-0.0329	-0.0584
sumoylation_k	replica	rebuilt	1	prott5	0.7035	0.2737	26404	0.1604	0.7798	0.4096	26404	0.1604	-0.0763	-0.1360
sumoylation_k	replica	replica	1	prott5	0.8424	0.7697	11821	0.3583	0.8250	0.7309	11821	0.3583	0.0174	0.0388
sumoylation_k	replica	rebuilt	2	esm2	0.7030	0.3004	22292	0.1631	0.7598	0.3913	22292	0.1631	-0.0568	-0.0909
sumoylation_k	replica	replica	2	esm2	0.8599	0.8412	8132	0.4471	0.8043	0.7639	8132	0.4471	0.0556	0.0774
sumoylation_k	replica	rebuilt	2	interaction	0.6480	0.2227	22292	0.1631	0.7598	0.3913	22292	0.1631	-0.1117	-0.1686
sumoylation_k	replica	replica	2	interaction	0.8109	0.7723	8132	0.4471	0.8043	0.7639	8132	0.4471	0.0067	0.0085
sumoylation_k	replica	rebuilt	2	prott5	0.6940	0.2886	22292	0.1631	0.7598	0.3913	22292	0.1631	-0.0657	-0.1027
sumoylation_k	replica	replica	2	prott5	0.8514	0.8347	8132	0.4471	0.8043	0.7639	8132	0.4471	0.0471	0.0708
sumoylation_k	replica	rebuilt	0	esm2_perm	0.7242	0.3305	21890	0.1709	0.7734	0.4188	21890	0.1709	-0.0492	-0.0883
sumoylation_k	replica	replica	0	esm2_perm	0.7542	0.6571	8882	0.4213	0.8235	0.7664	8882	0.4213	-0.0694	-0.1093
sumoylation_k	replica	rebuilt	0	interaction_perm	0.6916	0.2820	21890	0.1709	0.7734	0.4188	21890	0.1709	-0.0817	-0.1368
sumoylation_k	replica	replica	0	interaction_perm	0.7193	0.6355	8882	0.4213	0.8235	0.7664	8882	0.4213	-0.1042	-0.1310
sumoylation_k	replica	rebuilt	0	prott5_perm	0.7329	0.3481	21890	0.1709	0.7734	0.4188	21890	0.1709	-0.0405	-0.0706
sumoylation_k	replica	replica	0	prott5_perm	0.7290	0.6332	8882	0.4213	0.8235	0.7664	8882	0.4213	-0.0945	-0.1333
sumoylation_k	replica	rebuilt	1	esm2_perm	0.7273	0.3286	26404	0.1604	0.7798	0.4096	26404	0.1604	-0.0525	-0.0810
sumoylation_k	replica	replica	1	esm2_perm	0.7622	0.6293	11821	0.3583	0.8250	0.7309	11821	0.3583	-0.0629	-0.1017
sumoylation_k	replica	rebuilt	1	interaction_perm	0.7225	0.3046	26404	0.1604	0.7798	0.4096	26404	0.1604	-0.0573	-0.1051
sumoylation_k	replica	replica	1	interaction_perm	0.7636	0.6346	11821	0.3583	0.8250	0.7309	11821	0.3583	-0.0614	-0.0963
sumoylation_k	replica	rebuilt	1	prott5_perm	0.7227	0.3197	26404	0.1604	0.7798	0.4096	26404	0.1604	-0.0572	-0.0899
sumoylation_k	replica	replica	1	prott5_perm	0.7709	0.6506	11821	0.3583	0.8250	0.7309	11821	0.3583	-0.0541	-0.0803
sumoylation_k	replica	rebuilt	2	esm2_perm	0.7121	0.2953	22292	0.1631	0.7598	0.3913	22292	0.1631	-0.0476	-0.0959
sumoylation_k	replica	replica	2	esm2_perm	0.7602	0.6943	8132	0.4471	0.8043	0.7639	8132	0.4471	-0.0441	-0.0696
sumoylation_k	replica	rebuilt	2	interaction_perm	0.7074	0.2981	22292	0.1631	0.7598	0.3913	22292	0.1631	-0.0523	-0.0932
sumoylation_k	replica	replica	2	interaction_perm	0.7325	0.6650	8132	0.4471	0.8043	0.7639	8132	0.4471	-0.0718	-0.0989
sumoylation_k	replica	rebuilt	2	prott5_perm	0.6996	0.2802	22292	0.1631	0.7598	0.3913	22292	0.1631	-0.0602	-0.1110
sumoylation_k	replica	replica	2	prott5_perm	0.7367	0.6675	8132	0.4471	0.8043	0.7639	8132	0.4471	-0.0676	-0.0963
ubiquitination_k	rebuilt	rebuilt	0	esm2	0.8385	0.6111	45935	0.2315	0.7869	0.4976	45935	0.2315	0.0516	0.1135
ubiquitination_k	rebuilt	replica	0	esm2	0.8268	0.7706	24554	0.4332	0.8065	0.7398	24554	0.4332	0.0202	0.0308
ubiquitination_k	rebuilt	rebuilt	0	interaction	0.8168	0.5641	45935	0.2315	0.7869	0.4976	45935	0.2315	0.0299	0.0665
ubiquitination_k	rebuilt	replica	0	interaction	0.7983	0.7285	24554	0.4332	0.8065	0.7398	24554	0.4332	-0.0083	-0.0113
ubiquitination_k	rebuilt	rebuilt	0	prott5	0.8447	0.6234	45935	0.2315	0.7869	0.4976	45935	0.2315	0.0578	0.1257
ubiquitination_k	rebuilt	replica	0	prott5	0.8333	0.7832	24554	0.4332	0.8065	0.7398	24554	0.4332	0.0268	0.0434
ubiquitination_k	rebuilt	rebuilt	1	esm2	0.8379	0.5932	46429	0.2177	0.7996	0.5035	46429	0.2177	0.0383	0.0897
ubiquitination_k	rebuilt	replica	1	esm2	0.8275	0.7786	23200	0.4357	0.8115	0.7522	23200	0.4357	0.0160	0.0264
ubiquitination_k	rebuilt	rebuilt	1	interaction	0.8273	0.5813	46429	0.2177	0.7996	0.5035	46429	0.2177	0.0276	0.0777
ubiquitination_k	rebuilt	replica	1	interaction	0.7987	0.7443	23200	0.4357	0.8115	0.7522	23200	0.4357	-0.0128	-0.0079
ubiquitination_k	rebuilt	rebuilt	1	prott5	0.8407	0.6153	46429	0.2177	0.7996	0.5035	46429	0.2177	0.0411	0.1117
ubiquitination_k	rebuilt	replica	1	prott5	0.8277	0.7816	23200	0.4357	0.8115	0.7522	23200	0.4357	0.0162	0.0295
ubiquitination_k	rebuilt	rebuilt	2	esm2	0.8419	0.6301	45828	0.2343	0.7961	0.5186	45828	0.2343	0.0459	0.1114
ubiquitination_k	rebuilt	replica	2	esm2	0.8328	0.7822	24806	0.4329	0.8204	0.7572	24806	0.4329	0.0124	0.0250
ubiquitination_k	rebuilt	rebuilt	2	interaction	0.8247	0.5915	45828	0.2343	0.7961	0.5186	45828	0.2343	0.0286	0.0729
ubiquitination_k	rebuilt	replica	2	interaction	0.8113	0.7524	24806	0.4329	0.8204	0.7572	24806	0.4329	-0.0091	-0.0048
ubiquitination_k	rebuilt	rebuilt	2	prott5	0.8487	0.6429	45828	0.2343	0.7961	0.5186	45828	0.2343	0.0526	0.1242
ubiquitination_k	rebuilt	replica	2	prott5	0.8369	0.7866	24806	0.4329	0.8204	0.7572	24806	0.4329	0.0165	0.0294
ubiquitination_k	rebuilt	rebuilt	0	esm2_perm	0.7682	0.4668	45935	0.2315	0.7869	0.4976	45935	0.2315	-0.0187	-0.0308
ubiquitination_k	rebuilt	replica	0	esm2_perm	0.7851	0.7070	24554	0.4332	0.8065	0.7398	24554	0.4332	-0.0214	-0.0328
ubiquitination_k	rebuilt	rebuilt	0	interaction_perm	0.7580	0.4564	45935	0.2315	0.7869	0.4976	45935	0.2315	-0.0289	-0.0412
ubiquitination_k	rebuilt	replica	0	interaction_perm	0.7766	0.6906	24554	0.4332	0.8065	0.7398	24554	0.4332	-0.0299	-0.0492
ubiquitination_k	rebuilt	rebuilt	0	prott5_perm	0.7631	0.4568	45935	0.2315	0.7869	0.4976	45935	0.2315	-0.0237	-0.0408
ubiquitination_k	rebuilt	replica	0	prott5_perm	0.7702	0.6833	24554	0.4332	0.8065	0.7398	24554	0.4332	-0.0364	-0.0565
ubiquitination_k	rebuilt	rebuilt	1	esm2_perm	0.7793	0.4517	46429	0.2177	0.7996	0.5035	46429	0.2177	-0.0203	-0.0518
ubiquitination_k	rebuilt	replica	1	esm2_perm	0.7853	0.7007	23200	0.4357	0.8115	0.7522	23200	0.4357	-0.0262	-0.0515
ubiquitination_k	rebuilt	rebuilt	1	interaction_perm	0.7619	0.4372	46429	0.2177	0.7996	0.5035	46429	0.2177	-0.0378	-0.0663
ubiquitination_k	rebuilt	replica	1	interaction_perm	0.7718	0.6857	23200	0.4357	0.8115	0.7522	23200	0.4357	-0.0397	-0.0665
ubiquitination_k	rebuilt	rebuilt	1	prott5_perm	0.7615	0.4281	46429	0.2177	0.7996	0.5035	46429	0.2177	-0.0382	-0.0754
ubiquitination_k	rebuilt	replica	1	prott5_perm	0.7850	0.7098	23200	0.4357	0.8115	0.7522	23200	0.4357	-0.0266	-0.0424
ubiquitination_k	rebuilt	rebuilt	2	esm2_perm	0.7667	0.4584	45828	0.2343	0.7961	0.5186	45828	0.2343	-0.0293	-0.0603
ubiquitination_k	rebuilt	replica	2	esm2_perm	0.7832	0.6945	24806	0.4329	0.8204	0.7572	24806	0.4329	-0.0372	-0.0627
ubiquitination_k	rebuilt	rebuilt	2	interaction_perm	0.7556	0.4422	45828	0.2343	0.7961	0.5186	45828	0.2343	-0.0404	-0.0764
ubiquitination_k	rebuilt	replica	2	interaction_perm	0.7864	0.7025	24806	0.4329	0.8204	0.7572	24806	0.4329	-0.0340	-0.0547
ubiquitination_k	rebuilt	rebuilt	2	prott5_perm	0.7504	0.4338	45828	0.2343	0.7961	0.5186	45828	0.2343	-0.0457	-0.0849
ubiquitination_k	rebuilt	replica	2	prott5_perm	0.7588	0.6537	24806	0.4329	0.8204	0.7572	24806	0.4329	-0.0616	-0.1035
ubiquitination_k	replica	rebuilt	0	esm2	0.7722	0.4622	45935	0.2315	0.7878	0.5005	45935	0.2315	-0.0155	-0.0383
ubiquitination_k	replica	replica	0	esm2	0.8668	0.8400	24554	0.4332	0.8204	0.7593	24554	0.4332	0.0465	0.0807
ubiquitination_k	replica	rebuilt	0	interaction	0.7579	0.4355	45935	0.2315	0.7878	0.5005	45935	0.2315	-0.0299	-0.0650
ubiquitination_k	replica	replica	0	interaction	0.8213	0.7663	24554	0.4332	0.8204	0.7593	24554	0.4332	0.0009	0.0070
ubiquitination_k	replica	rebuilt	0	prott5	0.7734	0.4582	45935	0.2315	0.7878	0.5005	45935	0.2315	-0.0144	-0.0424
ubiquitination_k	replica	replica	0	prott5	0.8773	0.8526	24554	0.4332	0.8204	0.7593	24554	0.4332	0.0569	0.0933
ubiquitination_k	replica	rebuilt	1	esm2	0.7675	0.4441	46429	0.2177	0.7764	0.4715	46429	0.2177	-0.0089	-0.0273
ubiquitination_k	replica	replica	1	esm2	0.8625	0.8378	23200	0.4357	0.8159	0.7548	23200	0.4357	0.0465	0.0830
ubiquitination_k	replica	rebuilt	1	interaction	0.7460	0.4001	46429	0.2177	0.7764	0.4715	46429	0.2177	-0.0305	-0.0714
ubiquitination_k	replica	replica	1	interaction	0.8157	0.7545	23200	0.4357	0.8159	0.7548	23200	0.4357	-0.0003	-0.0003
ubiquitination_k	replica	rebuilt	1	prott5	0.7702	0.4528	46429	0.2177	0.7764	0.4715	46429	0.2177	-0.0062	-0.0186
ubiquitination_k	replica	replica	1	prott5	0.8625	0.8392	23200	0.4357	0.8159	0.7548	23200	0.4357	0.0466	0.0844
ubiquitination_k	replica	rebuilt	2	esm2	0.7814	0.4785	45828	0.2343	0.7911	0.5059	45828	0.2343	-0.0097	-0.0273
ubiquitination_k	replica	replica	2	esm2	0.8653	0.8368	24806	0.4329	0.8225	0.7587	24806	0.4329	0.0428	0.0781
ubiquitination_k	replica	rebuilt	2	interaction	0.7631	0.4475	45828	0.2343	0.7911	0.5059	45828	0.2343	-0.0280	-0.0583
ubiquitination_k	replica	replica	2	interaction	0.8071	0.7345	24806	0.4329	0.8225	0.7587	24806	0.4329	-0.0155	-0.0241
ubiquitination_k	replica	rebuilt	2	prott5	0.7735	0.4558	45828	0.2343	0.7911	0.5059	45828	0.2343	-0.0176	-0.0501
ubiquitination_k	replica	replica	2	prott5	0.8642	0.8337	24806	0.4329	0.8225	0.7587	24806	0.4329	0.0417	0.0751
ubiquitination_k	replica	rebuilt	0	esm2_perm	0.7665	0.4623	45935	0.2315	0.7878	0.5005	45935	0.2315	-0.0213	-0.0382
ubiquitination_k	replica	replica	0	esm2_perm	0.7967	0.7285	24554	0.4332	0.8204	0.7593	24554	0.4332	-0.0237	-0.0308
ubiquitination_k	replica	rebuilt	0	interaction_perm	0.7518	0.4316	45935	0.2315	0.7878	0.5005	45935	0.2315	-0.0360	-0.0689
ubiquitination_k	replica	replica	0	interaction_perm	0.7807	0.6948	24554	0.4332	0.8204	0.7593	24554	0.4332	-0.0396	-0.0644
ubiquitination_k	replica	rebuilt	0	prott5_perm	0.7524	0.4489	45935	0.2315	0.7878	0.5005	45935	0.2315	-0.0354	-0.0516
ubiquitination_k	replica	replica	0	prott5_perm	0.7767	0.7006	24554	0.4332	0.8204	0.7593	24554	0.4332	-0.0437	-0.0586
ubiquitination_k	replica	rebuilt	1	esm2_perm	0.7570	0.4337	46429	0.2177	0.7764	0.4715	46429	0.2177	-0.0194	-0.0378
ubiquitination_k	replica	replica	1	esm2_perm	0.7815	0.7011	23200	0.4357	0.8159	0.7548	23200	0.4357	-0.0344	-0.0537
ubiquitination_k	replica	rebuilt	1	interaction_perm	0.7534	0.4205	46429	0.2177	0.7764	0.4715	46429	0.2177	-0.0230	-0.0509
ubiquitination_k	replica	replica	1	interaction_perm	0.7809	0.6985	23200	0.4357	0.8159	0.7548	23200	0.4357	-0.0350	-0.0562
ubiquitination_k	replica	rebuilt	1	prott5_perm	0.7551	0.4319	46429	0.2177	0.7764	0.4715	46429	0.2177	-0.0213	-0.0395
ubiquitination_k	replica	replica	1	prott5_perm	0.7906	0.7251	23200	0.4357	0.8159	0.7548	23200	0.4357	-0.0253	-0.0297
ubiquitination_k	replica	rebuilt	2	esm2_perm	0.7629	0.4551	45828	0.2343	0.7911	0.5059	45828	0.2343	-0.0282	-0.0507
ubiquitination_k	replica	replica	2	esm2_perm	0.7833	0.6983	24806	0.4329	0.8225	0.7587	24806	0.4329	-0.0392	-0.0603
ubiquitination_k	replica	rebuilt	2	interaction_perm	0.7719	0.4745	45828	0.2343	0.7911	0.5059	45828	0.2343	-0.0192	-0.0314
ubiquitination_k	replica	replica	2	interaction_perm	0.7864	0.7034	24806	0.4329	0.8225	0.7587	24806	0.4329	-0.0361	-0.0553
ubiquitination_k	replica	rebuilt	2	prott5_perm	0.7594	0.4563	45828	0.2343	0.7911	0.5059	45828	0.2343	-0.0317	-0.0496
ubiquitination_k	replica	replica	2	prott5_perm	0.7797	0.7014	24806	0.4329	0.8225	0.7587	24806	0.4329	-0.0429	-0.0573
