task	train	eval	family	d_auroc	auroc_lo	auroc_hi	d_auprc	auprc_lo	auprc_hi	n_boot	n_sites	n_proteins
phosphorylation_st	replica	replica	interaction	0.0029	-0.0012	0.0066	-0.0047	-0.0155	0.0050	2000	223525	3921
phosphorylation_y	replica	replica	interaction	0.0183	0.0100	0.0264	0.0401	0.0209	0.0605	2000	20913	2085
acetylation_k	replica	replica	interaction	-0.0999	-0.1445	-0.0576	-0.1302	-0.1804	-0.0656	2000	24797	2017
methylation_k	replica	replica	interaction	-0.0793	-0.1764	0.0085	-0.1401	-0.2531	0.0515	2000	13926	1712
methylation_r	replica	replica	interaction	-0.0747	-0.1846	0.0216	-0.1059	-0.2300	0.0461	2000	7194	1147
sumoylation_k	replica	replica	interaction	-0.0191	-0.0332	-0.0044	-0.0309	-0.0522	-0.0074	2000	28835	1882
ubiquitination_k	replica	replica	interaction	-0.0051	-0.0134	0.0021	-0.0053	-0.0202	0.0082	2000	72560	3478
glycosylation_n	replica	replica	interaction	-0.0161	-0.0290	-0.0043	-0.0235	-0.0479	0.0005	2000	5817	884
phosphorylation_st	replica	rebuilt	interaction	-0.0153	-0.0194	-0.0116	-0.0692	-0.0812	-0.0576	2000	322236	3921
phosphorylation_y	replica	rebuilt	interaction	-0.0010	-0.0089	0.0072	-0.0038	-0.0222	0.0157	2000	20964	1462
acetylation_k	replica	rebuilt	interaction	-0.2630	-0.2808	-0.2450	-0.2397	-0.2548	-0.2251	2000	59380	2017
methylation_k	replica	rebuilt	interaction	-0.2478	-0.2679	-0.2259	-0.2196	-0.2440	-0.1949	2000	28565	1712
methylation_r	replica	rebuilt	interaction	-0.2740	-0.2988	-0.2480	-0.2545	-0.2833	-0.2261	2000	17474	1145
sumoylation_k	replica	rebuilt	interaction	-0.1208	-0.1361	-0.1048	-0.1781	-0.1921	-0.1623	2000	70586	1882
ubiquitination_k	replica	rebuilt	interaction	-0.0295	-0.0363	-0.0225	-0.0663	-0.0785	-0.0537	2000	138192	3478
glycosylation_n	replica	rebuilt	interaction	-0.0358	-0.0427	-0.0289	-0.1297	-0.1581	-0.1001	2000	14200	884
phosphorylation_st	rebuilt	replica	interaction	0.0046	0.0010	0.0082	0.0061	-0.0013	0.0139	2000	223525	3921
phosphorylation_y	rebuilt	replica	interaction	0.0199	0.0131	0.0264	0.0321	0.0164	0.0485	2000	20913	2085
acetylation_k	rebuilt	replica	interaction	-0.0019	-0.0166	0.0121	0.0010	-0.0209	0.0243	2000	24797	2017
methylation_k	rebuilt	replica	interaction	-0.0162	-0.0459	0.0089	-0.0308	-0.0658	0.0051	2000	13926	1712
methylation_r	rebuilt	replica	interaction	0.0025	-0.0217	0.0224	0.0077	-0.0170	0.0324	2000	7194	1147
sumoylation_k	rebuilt	replica	interaction	-0.0129	-0.0262	-0.0011	-0.0164	-0.0340	0.0013	2000	28835	1882
ubiquitination_k	rebuilt	replica	interaction	-0.0097	-0.0170	-0.0030	-0.0078	-0.0205	0.0047	2000	72560	3478
glycosylation_n	rebuilt	replica	interaction	-0.0042	-0.0077	-0.0013	-0.0054	-0.0156	0.0042	2000	5817	884
phosphorylation_st	rebuilt	rebuilt	interaction	0.0147	0.0115	0.0180	0.0392	0.0305	0.0475	2000	322236	3921
phosphorylation_y	rebuilt	rebuilt	interaction	0.0121	0.0057	0.0187	0.0203	0.0036	0.0384	2000	20964	1462
acetylation_k	rebuilt	rebuilt	interaction	0.0456	0.0382	0.0531	0.1160	0.0958	0.1350	2000	59380	2017
methylation_k	rebuilt	rebuilt	interaction	0.0088	0.0034	0.0141	0.0201	0.0102	0.0298	2000	28565	1712
methylation_r	rebuilt	rebuilt	interaction	0.0171	0.0107	0.0237	0.0393	0.0257	0.0535	2000	17474	1145
sumoylation_k	rebuilt	rebuilt	interaction	0.0304	0.0212	0.0394	0.0531	0.0354	0.0709	2000	70586	1882
ubiquitination_k	rebuilt	rebuilt	interaction	0.0291	0.0233	0.0346	0.0728	0.0588	0.0866	2000	138192	3478
glycosylation_n	rebuilt	rebuilt	interaction	0.0017	-0.0003	0.0036	0.0112	-0.0075	0.0284	2000	14200	884
phosphorylation_st	replica	replica	esm2	0.0312	0.0279	0.0346	0.0600	0.0528	0.0677	2000	223525	3921
phosphorylation_y	replica	replica	esm2	0.0573	0.0486	0.0668	0.1359	0.1169	0.1567	2000	20913	2085
acetylation_k	replica	replica	esm2	0.0236	0.0072	0.0392	0.0592	0.0345	0.0840	2000	24797	2017
methylation_k	replica	replica	esm2	0.0794	0.0352	0.1226	0.1203	0.0451	0.2042	2000	13926	1712
methylation_r	replica	replica	esm2	0.0810	0.0375	0.1180	0.1212	0.0646	0.1746	2000	7194	1147
sumoylation_k	replica	replica	esm2	0.0321	0.0205	0.0431	0.0545	0.0381	0.0714	2000	28835	1882
ubiquitination_k	replica	replica	esm2	0.0452	0.0388	0.0513	0.0806	0.0698	0.0915	2000	72560	3478
glycosylation_n	replica	replica	esm2	0.0114	0.0082	0.0150	0.0324	0.0197	0.0451	2000	5817	884
phosphorylation_st	replica	rebuilt	esm2	-0.0262	-0.0309	-0.0210	-0.1398	-0.1522	-0.1268	2000	322236	3921
phosphorylation_y	replica	rebuilt	esm2	0.0157	0.0067	0.0240	0.0151	-0.0048	0.0352	2000	20964	1462
acetylation_k	replica	rebuilt	esm2	-0.1800	-0.1963	-0.1634	-0.1983	-0.2132	-0.1832	2000	59380	2017
methylation_k	replica	rebuilt	esm2	-0.2469	-0.2699	-0.2207	-0.2161	-0.2414	-0.1907	2000	28565	1712
methylation_r	replica	rebuilt	esm2	-0.2206	-0.2467	-0.1941	-0.2168	-0.2482	-0.1857	2000	17474	1145
sumoylation_k	replica	rebuilt	esm2	-0.0685	-0.0812	-0.0558	-0.1136	-0.1297	-0.0967	2000	70586	1882
ubiquitination_k	replica	rebuilt	esm2	-0.0114	-0.0181	-0.0045	-0.0308	-0.0416	-0.0189	2000	138192	3478
glycosylation_n	replica	rebuilt	esm2	-0.0711	-0.0824	-0.0602	-0.1712	-0.2013	-0.1393	2000	14200	884
phosphorylation_st	rebuilt	replica	esm2	0.0236	0.0201	0.0272	0.0413	0.0329	0.0497	2000	223525	3921
phosphorylation_y	rebuilt	replica	esm2	0.0463	0.0394	0.0535	0.0836	0.0647	0.1030	2000	20913	2085
acetylation_k	rebuilt	replica	esm2	0.0106	-0.0058	0.0276	0.0182	-0.0066	0.0433	2000	24797	2017
methylation_k	rebuilt	replica	esm2	0.0301	0.0089	0.0488	0.0258	0.0003	0.0539	2000	13926	1712
methylation_r	rebuilt	replica	esm2	0.0242	0.0007	0.0451	0.0099	-0.0185	0.0435	2000	7194	1147
sumoylation_k	rebuilt	replica	esm2	0.0162	0.0034	0.0276	0.0211	0.0037	0.0388	2000	28835	1882
ubiquitination_k	rebuilt	replica	esm2	0.0157	0.0069	0.0242	0.0271	0.0129	0.0408	2000	72560	3478
glycosylation_n	rebuilt	replica	esm2	0.0037	-0.0011	0.0084	0.0128	-0.0032	0.0294	2000	5817	884
phosphorylation_st	rebuilt	rebuilt	esm2	0.0309	0.0279	0.0340	0.0773	0.0691	0.0861	2000	322236	3921
phosphorylation_y	rebuilt	rebuilt	esm2	0.0320	0.0252	0.0390	0.0539	0.0352	0.0731	2000	20964	1462
acetylation_k	rebuilt	rebuilt	esm2	0.0625	0.0556	0.0694	0.1572	0.1389	0.1753	2000	59380	2017
methylation_k	rebuilt	rebuilt	esm2	0.0291	0.0235	0.0348	0.0588	0.0478	0.0701	2000	28565	1712
methylation_r	rebuilt	rebuilt	esm2	0.0352	0.0278	0.0431	0.0736	0.0572	0.0915	2000	17474	1145
sumoylation_k	rebuilt	rebuilt	esm2	0.0594	0.0497	0.0689	0.1067	0.0883	0.1250	2000	70586	1882
ubiquitination_k	rebuilt	rebuilt	esm2	0.0446	0.0382	0.0508	0.1034	0.0884	0.1180	2000	138192	3478
glycosylation_n	rebuilt	rebuilt	esm2	0.0055	0.0035	0.0075	0.0390	0.0219	0.0561	2000	14200	884
phosphorylation_st	replica	replica	prott5	0.0309	0.0274	0.0344	0.0581	0.0496	0.0667	2000	223525	3921
phosphorylation_y	replica	replica	prott5	0.0615	0.0518	0.0715	0.1444	0.1230	0.1656	2000	20913	2085
acetylation_k	replica	replica	prott5	0.0066	-0.0146	0.0276	0.0277	-0.0059	0.0632	2000	24797	2017
methylation_k	replica	replica	prott5	0.0372	-0.0459	0.1141	0.0082	-0.0893	0.1507	2000	13926	1712
methylation_r	replica	replica	prott5	0.0248	-0.0562	0.0928	-0.0201	-0.1266	0.1108	2000	7194	1147
sumoylation_k	replica	replica	prott5	0.0319	0.0198	0.0432	0.0560	0.0386	0.0738	2000	28835	1882
ubiquitination_k	replica	replica	prott5	0.0483	0.0421	0.0546	0.0837	0.0731	0.0951	2000	72560	3478
glycosylation_n	replica	replica	prott5	0.0102	0.0039	0.0162	0.0311	0.0163	0.0460	2000	5817	884
phosphorylation_st	replica	rebuilt	prott5	-0.0344	-0.0395	-0.0292	-0.1636	-0.1756	-0.1511	2000	322236	3921
phosphorylation_y	replica	rebuilt	prott5	0.0132	0.0034	0.0227	0.0027	-0.0177	0.0222	2000	20964	1462
acetylation_k	replica	rebuilt	prott5	-0.2342	-0.2515	-0.2169	-0.2247	-0.2393	-0.2099	2000	59380	2017
methylation_k	replica	rebuilt	prott5	-0.2449	-0.2684	-0.2213	-0.2149	-0.2398	-0.1892	2000	28565	1712
methylation_r	replica	rebuilt	prott5	-0.2439	-0.2731	-0.2134	-0.2395	-0.2710	-0.2090	2000	17474	1145
sumoylation_k	replica	rebuilt	prott5	-0.0747	-0.0878	-0.0626	-0.1240	-0.1394	-0.1076	2000	70586	1882
ubiquitination_k	replica	rebuilt	prott5	-0.0121	-0.0192	-0.0054	-0.0371	-0.0489	-0.0257	2000	138192	3478
glycosylation_n	replica	rebuilt	prott5	-0.0658	-0.0791	-0.0528	-0.1276	-0.1588	-0.0947	2000	14200	884
phosphorylation_st	rebuilt	replica	prott5	0.0217	0.0182	0.0254	0.0374	0.0294	0.0451	2000	223525	3921
phosphorylation_y	rebuilt	replica	prott5	0.0491	0.0420	0.0565	0.0935	0.0766	0.1104	2000	20913	2085
acetylation_k	rebuilt	replica	prott5	0.0214	0.0064	0.0376	0.0330	0.0093	0.0593	2000	24797	2017
methylation_k	rebuilt	replica	prott5	0.0406	0.0177	0.0605	0.0270	-0.0005	0.0570	2000	13926	1712
methylation_r	rebuilt	replica	prott5	0.0416	0.0206	0.0595	0.0388	0.0123	0.0654	2000	7194	1147
sumoylation_k	rebuilt	replica	prott5	0.0101	-0.0038	0.0240	0.0054	-0.0145	0.0256	2000	28835	1882
ubiquitination_k	rebuilt	replica	prott5	0.0197	0.0109	0.0288	0.0331	0.0195	0.0478	2000	72560	3478
glycosylation_n	rebuilt	replica	prott5	0.0027	-0.0010	0.0068	0.0117	0.0001	0.0242	2000	5817	884
phosphorylation_st	rebuilt	rebuilt	prott5	0.0318	0.0288	0.0350	0.0792	0.0713	0.0875	2000	322236	3921
phosphorylation_y	rebuilt	rebuilt	prott5	0.0365	0.0299	0.0435	0.0708	0.0533	0.0887	2000	20964	1462
acetylation_k	rebuilt	rebuilt	prott5	0.0654	0.0585	0.0726	0.1626	0.1434	0.1810	2000	59380	2017
methylation_k	rebuilt	rebuilt	prott5	0.0296	0.0234	0.0351	0.0586	0.0473	0.0692	2000	28565	1712
methylation_r	rebuilt	rebuilt	prott5	0.0366	0.0284	0.0447	0.0750	0.0556	0.0956	2000	17474	1145
sumoylation_k	rebuilt	rebuilt	prott5	0.0669	0.0575	0.0763	0.1148	0.0945	0.1354	2000	70586	1882
ubiquitination_k	rebuilt	rebuilt	prott5	0.0505	0.0437	0.0572	0.1184	0.1039	0.1330	2000	138192	3478
glycosylation_n	rebuilt	rebuilt	prott5	0.0065	0.0044	0.0087	0.0363	0.0137	0.0564	2000	14200	884
phosphorylation_st	replica	replica	interaction_perm	-0.0208	-0.0249	-0.0165	-0.0430	-0.0519	-0.0335	2000	223525	3921
phosphorylation_y	replica	replica	interaction_perm	-0.0255	-0.0326	-0.0176	-0.0549	-0.0707	-0.0382	2000	20913	2085
acetylation_k	replica	replica	interaction_perm	-0.1349	-0.1681	-0.0978	-0.1831	-0.2253	-0.1320	2000	24797	2017
methylation_k	replica	replica	interaction_perm	-0.3137	-0.3932	-0.2341	-0.3097	-0.3581	-0.2319	2000	13926	1712
methylation_r	replica	replica	interaction_perm	-0.2677	-0.3930	-0.1354	-0.3203	-0.3791	-0.2144	2000	7194	1147
sumoylation_k	replica	replica	interaction_perm	-0.0791	-0.0982	-0.0605	-0.1145	-0.1422	-0.0872	2000	28835	1882
ubiquitination_k	replica	replica	interaction_perm	-0.0378	-0.0481	-0.0285	-0.0611	-0.0791	-0.0443	2000	72560	3478
glycosylation_n	replica	replica	interaction_perm	-0.0448	-0.0718	-0.0175	-0.0718	-0.1285	-0.0171	2000	5817	884
phosphorylation_st	replica	rebuilt	interaction_perm	-0.0181	-0.0214	-0.0146	-0.0449	-0.0532	-0.0365	2000	322236	3921
phosphorylation_y	replica	rebuilt	interaction_perm	-0.0234	-0.0311	-0.0168	-0.0458	-0.0619	-0.0287	2000	20964	1462
acetylation_k	replica	rebuilt	interaction_perm	-0.1383	-0.1547	-0.1221	-0.1645	-0.1818	-0.1464	2000	59380	2017
methylation_k	replica	rebuilt	interaction_perm	-0.2007	-0.2183	-0.1832	-0.2012	-0.2222	-0.1807	2000	28565	1712
methylation_r	replica	rebuilt	interaction_perm	-0.2124	-0.2391	-0.1880	-0.2257	-0.2546	-0.1990	2000	17474	1145
sumoylation_k	replica	rebuilt	interaction_perm	-0.0637	-0.0785	-0.0499	-0.1149	-0.1354	-0.0929	2000	70586	1882
ubiquitination_k	replica	rebuilt	interaction_perm	-0.0270	-0.0334	-0.0204	-0.0532	-0.0650	-0.0394	2000	138192	3478
glycosylation_n	replica	rebuilt	interaction_perm	-0.0421	-0.0525	-0.0322	-0.1411	-0.1770	-0.1036	2000	14200	884
phosphorylation_st	rebuilt	replica	interaction_perm	-0.0173	-0.0217	-0.0134	-0.0348	-0.0449	-0.0259	2000	223525	3921
phosphorylation_y	rebuilt	replica	interaction_perm	-0.0160	-0.0209	-0.0112	-0.0407	-0.0534	-0.0278	2000	20913	2085
acetylation_k	rebuilt	replica	interaction_perm	-0.0252	-0.0384	-0.0119	-0.0360	-0.0610	-0.0090	2000	24797	2017
methylation_k	rebuilt	replica	interaction_perm	-0.0181	-0.0355	-0.0002	-0.0082	-0.0305	0.0147	2000	13926	1712
methylation_r	rebuilt	replica	interaction_perm	0.0168	0.0010	0.0318	0.0310	0.0068	0.0523	2000	7194	1147
sumoylation_k	rebuilt	replica	interaction_perm	-0.0152	-0.0278	-0.0025	-0.0149	-0.0326	0.0030	2000	28835	1882
ubiquitination_k	rebuilt	replica	interaction_perm	-0.0344	-0.0429	-0.0260	-0.0573	-0.0716	-0.0419	2000	72560	3478
glycosylation_n	rebuilt	replica	interaction_perm	-0.0008	-0.0043	0.0027	0.0012	-0.0111	0.0127	2000	5817	884
phosphorylation_st	rebuilt	rebuilt	interaction_perm	-0.0161	-0.0192	-0.0132	-0.0382	-0.0466	-0.0302	2000	322236	3921
phosphorylation_y	rebuilt	rebuilt	interaction_perm	-0.0141	-0.0192	-0.0093	-0.0359	-0.0494	-0.0233	2000	20964	1462
acetylation_k	rebuilt	rebuilt	interaction_perm	-0.0242	-0.0320	-0.0167	-0.0557	-0.0765	-0.0350	2000	59380	2017
methylation_k	rebuilt	rebuilt	interaction_perm	-0.0141	-0.0188	-0.0090	-0.0281	-0.0390	-0.0177	2000	28565	1712
methylation_r	rebuilt	rebuilt	interaction_perm	-0.0042	-0.0102	0.0018	-0.0185	-0.0334	-0.0018	2000	17474	1145
sumoylation_k	rebuilt	rebuilt	interaction_perm	-0.0243	-0.0345	-0.0144	-0.0504	-0.0669	-0.0319	2000	70586	1882
ubiquitination_k	rebuilt	rebuilt	interaction_perm	-0.0360	-0.0425	-0.0297	-0.0608	-0.0737	-0.0482	2000	138192	3478
glycosylation_n	rebuilt	rebuilt	interaction_perm	-0.0028	-0.0046	-0.0010	-0.0257	-0.0419	-0.0081	2000	14200	884
phosphorylation_st	replica	replica	esm2_perm	-0.0150	-0.0188	-0.0114	-0.0309	-0.0390	-0.0233	2000	223525	3921
phosphorylation_y	replica	replica	esm2_perm	-0.0094	-0.0154	-0.0032	-0.0193	-0.0344	-0.0042	2000	20913	2085
acetylation_k	replica	replica	esm2_perm	-0.0682	-0.0952	-0.0413	-0.0981	-0.1316	-0.0617	2000	24797	2017
methylation_k	replica	replica	esm2_perm	-0.1651	-0.2451	-0.0951	-0.2110	-0.2758	-0.1081	2000	13926	1712
methylation_r	replica	replica	esm2_perm	-0.1563	-0.2472	-0.0784	-0.2133	-0.2881	-0.1191	2000	7194	1147
sumoylation_k	replica	replica	esm2_perm	-0.0592	-0.0764	-0.0402	-0.0999	-0.1275	-0.0690	2000	28835	1882
ubiquitination_k	replica	replica	esm2_perm	-0.0358	-0.0452	-0.0268	-0.0603	-0.0783	-0.0420	2000	72560	3478
glycosylation_n	replica	replica	esm2_perm	-0.0303	-0.0436	-0.0155	-0.0584	-0.0937	-0.0216	2000	5817	884
phosphorylation_st	replica	rebuilt	esm2_perm	-0.0146	-0.0173	-0.0118	-0.0351	-0.0418	-0.0279	2000	322236	3921
phosphorylation_y	replica	rebuilt	esm2_perm	-0.0075	-0.0134	-0.0020	-0.0130	-0.0276	0.0012	2000	20964	1462
acetylation_k	replica	rebuilt	esm2_perm	-0.0545	-0.0677	-0.0419	-0.0797	-0.1024	-0.0534	2000	59380	2017
methylation_k	replica	rebuilt	esm2_perm	-0.2106	-0.2296	-0.1908	-0.2062	-0.2295	-0.1828	2000	28565	1712
methylation_r	replica	rebuilt	esm2_perm	-0.2139	-0.2404	-0.1880	-0.2347	-0.2632	-0.2060	2000	17474	1145
sumoylation_k	replica	rebuilt	esm2_perm	-0.0576	-0.0703	-0.0452	-0.1052	-0.1224	-0.0858	2000	70586	1882
ubiquitination_k	replica	rebuilt	esm2_perm	-0.0276	-0.0337	-0.0213	-0.0561	-0.0685	-0.0438	2000	138192	3478
glycosylation_n	replica	rebuilt	esm2_perm	-0.0316	-0.0388	-0.0248	-0.1201	-0.1518	-0.0858	2000	14200	884
phosphorylation_st	rebuilt	replica	esm2_perm	-0.0112	-0.0144	-0.0082	-0.0234	-0.0308	-0.0162	2000	223525	3921
phosphorylation_y	rebuilt	replica	esm2_perm	-0.0053	-0.0105	-0.0003	-0.0219	-0.0337	-0.0099	2000	20913	2085
acetylation_k	rebuilt	replica	esm2_perm	-0.0110	-0.0204	-0.0017	-0.0138	-0.0321	0.0038	2000	24797	2017
methylation_k	rebuilt	replica	esm2_perm	-0.0030	-0.0120	0.0054	-0.0065	-0.0173	0.0050	2000	13926	1712
methylation_r	rebuilt	replica	esm2_perm	-0.0102	-0.0209	0.0014	-0.0114	-0.0242	0.0024	2000	7194	1147
sumoylation_k	rebuilt	replica	esm2_perm	-0.0319	-0.0491	-0.0152	-0.0534	-0.0839	-0.0215	2000	28835	1882
ubiquitination_k	rebuilt	replica	esm2_perm	-0.0284	-0.0363	-0.0205	-0.0496	-0.0666	-0.0328	2000	72560	3478
glycosylation_n	rebuilt	replica	esm2_perm	-0.0006	-0.0061	0.0049	0.0003	-0.0162	0.0176	2000	5817	884
phosphorylation_st	rebuilt	rebuilt	esm2_perm	-0.0102	-0.0128	-0.0077	-0.0240	-0.0309	-0.0179	2000	322236	3921
phosphorylation_y	rebuilt	rebuilt	esm2_perm	-0.0057	-0.0103	-0.0009	-0.0180	-0.0298	-0.0059	2000	20964	1462
acetylation_k	rebuilt	rebuilt	esm2_perm	-0.0207	-0.0279	-0.0138	-0.0501	-0.0669	-0.0331	2000	59380	2017
methylation_k	rebuilt	rebuilt	esm2_perm	-0.0063	-0.0102	-0.0022	-0.0082	-0.0154	-0.0013	2000	28565	1712
methylation_r	rebuilt	rebuilt	esm2_perm	-0.0071	-0.0127	-0.0017	-0.0050	-0.0155	0.0058	2000	17474	1145
sumoylation_k	rebuilt	rebuilt	esm2_perm	-0.0461	-0.0564	-0.0363	-0.0739	-0.0891	-0.0574	2000	70586	1882
ubiquitination_k	rebuilt	rebuilt	esm2_perm	-0.0227	-0.0283	-0.0176	-0.0478	-0.0604	-0.0354	2000	138192	3478
glycosylation_n	rebuilt	rebuilt	esm2_perm	-0.0011	-0.0029	0.0008	-0.0121	-0.0274	0.0041	2000	14200	884
phosphorylation_st	replica	replica	prott5_perm	-0.0191	-0.0235	-0.0149	-0.0406	-0.0517	-0.0304	2000	223525	3921
phosphorylation_y	replica	replica	prott5_perm	-0.0080	-0.0138	-0.0025	-0.0306	-0.0467	-0.0157	2000	20913	2085
acetylation_k	replica	replica	prott5_perm	-0.1017	-0.1290	-0.0742	-0.1399	-0.1754	-0.1023	2000	24797	2017
methylation_k	replica	replica	prott5_perm	-0.2666	-0.3613	-0.1772	-0.2869	-0.3456	-0.1900	2000	13926	1712
methylation_r	replica	replica	prott5_perm	-0.2462	-0.3163	-0.1704	-0.2420	-0.2934	-0.1646	2000	7194	1147
sumoylation_k	replica	replica	prott5_perm	-0.0844	-0.1030	-0.0673	-0.1256	-0.1530	-0.0981	2000	28835	1882
ubiquitination_k	replica	replica	prott5_perm	-0.0412	-0.0489	-0.0342	-0.0574	-0.0700	-0.0458	2000	72560	3478
glycosylation_n	replica	replica	prott5_perm	-0.0202	-0.0323	-0.0117	-0.0309	-0.0576	-0.0085	2000	5817	884
phosphorylation_st	replica	rebuilt	prott5_perm	-0.0188	-0.0222	-0.0156	-0.0447	-0.0545	-0.0356	2000	322236	3921
phosphorylation_y	replica	rebuilt	prott5_perm	-0.0091	-0.0146	-0.0035	-0.0302	-0.0455	-0.0151	2000	20964	1462
acetylation_k	replica	rebuilt	prott5_perm	-0.0731	-0.0853	-0.0601	-0.1044	-0.1221	-0.0842	2000	59380	2017
methylation_k	replica	rebuilt	prott5_perm	-0.2017	-0.2203	-0.1828	-0.2009	-0.2235	-0.1782	2000	28565	1712
methylation_r	replica	rebuilt	prott5_perm	-0.1821	-0.2041	-0.1600	-0.2149	-0.2409	-0.1877	2000	17474	1145
sumoylation_k	replica	rebuilt	prott5_perm	-0.0590	-0.0722	-0.0451	-0.0973	-0.1171	-0.0746	2000	70586	1882
ubiquitination_k	replica	rebuilt	prott5_perm	-0.0331	-0.0394	-0.0269	-0.0561	-0.0679	-0.0435	2000	138192	3478
glycosylation_n	replica	rebuilt	prott5_perm	-0.0301	-0.0372	-0.0232	-0.1086	-0.1393	-0.0772	2000	14200	884
phosphorylation_st	rebuilt	replica	prott5_perm	-0.0146	-0.0178	-0.0111	-0.0331	-0.0411	-0.0252	2000	223525	3921
phosphorylation_y	rebuilt	replica	prott5_perm	-0.0078	-0.0129	-0.0027	-0.0328	-0.0449	-0.0193	2000	20913	2085
acetylation_k	rebuilt	replica	prott5_perm	-0.0106	-0.0228	0.0012	-0.0064	-0.0292	0.0169	2000	24797	2017
methylation_k	rebuilt	replica	prott5_perm	-0.0180	-0.0341	-0.0024	-0.0306	-0.0569	-0.0044	2000	13926	1712
methylation_r	rebuilt	replica	prott5_perm	-0.0061	-0.0288	0.0123	-0.0075	-0.0416	0.0197	2000	7194	1147
sumoylation_k	rebuilt	replica	prott5_perm	-0.0231	-0.0383	-0.0086	-0.0329	-0.0569	-0.0086	2000	28835	1882
ubiquitination_k	rebuilt	replica	prott5_perm	-0.0417	-0.0517	-0.0329	-0.0670	-0.0891	-0.0472	2000	72560	3478
glycosylation_n	rebuilt	replica	prott5_perm	-0.0006	-0.0050	0.0030	-0.0014	-0.0119	0.0089	2000	5817	884
phosphorylation_st	rebuilt	rebuilt	prott5_perm	-0.0137	-0.0162	-0.0113	-0.0370	-0.0439	-0.0304	2000	322236	3921
phosphorylation_y	rebuilt	rebuilt	prott5_perm	-0.0065	-0.0115	-0.0015	-0.0270	-0.0399	-0.0133	2000	20964	1462
acetylation_k	rebuilt	rebuilt	prott5_perm	-0.0310	-0.0399	-0.0222	-0.0622	-0.0801	-0.0436	2000	59380	2017
methylation_k	rebuilt	rebuilt	prott5_perm	-0.0119	-0.0166	-0.0070	-0.0155	-0.0248	-0.0064	2000	28565	1712
methylation_r	rebuilt	rebuilt	prott5_perm	0.0006	-0.0050	0.0063	-0.0077	-0.0211	0.0058	2000	17474	1145
sumoylation_k	rebuilt	rebuilt	prott5_perm	-0.0432	-0.0533	-0.0330	-0.0730	-0.0887	-0.0557	2000	70586	1882
ubiquitination_k	rebuilt	rebuilt	prott5_perm	-0.0361	-0.0425	-0.0299	-0.0696	-0.0823	-0.0559	2000	138192	3478
glycosylation_n	rebuilt	rebuilt	prott5_perm	-0.0024	-0.0043	-0.0003	-0.0236	-0.0392	-0.0078	2000	14200	884
