task	train	eval	split	family	icc_base	icc	icc_fold	msw_base	msw	msw_ratio	n_proteins	n_sites
acetylation_k	rebuilt	rebuilt	0	esm2	0.0448	0.3074	6.8601	0.0772	0.0739	1.0449	662	19394
acetylation_k	rebuilt	replica	0	esm2	0.1299	0.3532	2.7198	0.0714	0.0795	0.8987	204	6924
acetylation_k	rebuilt	rebuilt	0	interaction	0.0448	0.2582	5.7610	0.0772	0.0779	0.9909	662	19394
acetylation_k	rebuilt	replica	0	interaction	0.1299	0.3103	2.3897	0.0714	0.0819	0.8723	204	6924
acetylation_k	rebuilt	rebuilt	0	prott5	0.0448	0.2810	6.2713	0.0772	0.0858	0.8995	662	19394
acetylation_k	rebuilt	replica	0	prott5	0.1299	0.3152	2.4269	0.0714	0.0950	0.7514	204	6924
acetylation_k	rebuilt	rebuilt	1	esm2	0.0513	0.3110	6.0642	0.0775	0.0694	1.1164	633	19515
acetylation_k	rebuilt	replica	1	esm2	0.1041	0.3647	3.5021	0.0749	0.0762	0.9836	211	7206
acetylation_k	rebuilt	rebuilt	1	interaction	0.0513	0.2695	5.2560	0.0775	0.0803	0.9644	633	19515
acetylation_k	rebuilt	replica	1	interaction	0.1041	0.2716	2.6086	0.0749	0.0894	0.8382	211	7206
acetylation_k	rebuilt	rebuilt	1	prott5	0.0513	0.3468	6.7621	0.0775	0.0664	1.1657	633	19515
acetylation_k	rebuilt	replica	1	prott5	0.1041	0.4169	4.0041	0.0749	0.0691	1.0834	211	7206
acetylation_k	rebuilt	rebuilt	2	esm2	0.0391	0.2991	7.6399	0.0807	0.0754	1.0700	670	20306
acetylation_k	rebuilt	replica	2	esm2	0.1089	0.3043	2.7934	0.0774	0.0819	0.9454	218	8054
acetylation_k	rebuilt	rebuilt	2	interaction	0.0391	0.2507	6.4053	0.0807	0.0811	0.9947	670	20306
acetylation_k	rebuilt	replica	2	interaction	0.1089	0.2857	2.6230	0.0774	0.0877	0.8832	218	8054
acetylation_k	rebuilt	rebuilt	2	prott5	0.0391	0.3117	7.9631	0.0807	0.0729	1.1070	670	20306
acetylation_k	rebuilt	replica	2	prott5	0.1089	0.3485	3.1999	0.0774	0.0820	0.9447	218	8054
acetylation_k	rebuilt	rebuilt	0	esm2_perm	0.0448	0.1324	2.9553	0.0772	0.0798	0.9671	662	19394
acetylation_k	rebuilt	replica	0	esm2_perm	0.1299	0.1971	1.5176	0.0714	0.0742	0.9627	204	6924
acetylation_k	rebuilt	rebuilt	0	interaction_perm	0.0448	0.1254	2.7994	0.0772	0.0897	0.8603	662	19394
acetylation_k	rebuilt	replica	0	interaction_perm	0.1299	0.1973	1.5197	0.0714	0.0848	0.8425	204	6924
acetylation_k	rebuilt	rebuilt	0	prott5_perm	0.0448	0.1879	4.1935	0.0772	0.0717	1.0765	662	19394
acetylation_k	rebuilt	replica	0	prott5_perm	0.1299	0.2919	2.2480	0.0714	0.0639	1.1179	204	6924
acetylation_k	rebuilt	rebuilt	1	esm2_perm	0.0513	0.1384	2.6990	0.0775	0.0682	1.1352	633	19515
acetylation_k	rebuilt	replica	1	esm2_perm	0.1041	0.1689	1.6220	0.0749	0.0674	1.1116	211	7206
acetylation_k	rebuilt	rebuilt	1	interaction_perm	0.0513	0.1686	3.2868	0.0775	0.0931	0.8322	633	19515
acetylation_k	rebuilt	replica	1	interaction_perm	0.1041	0.2250	2.1604	0.0749	0.0906	0.8272	211	7206
acetylation_k	rebuilt	rebuilt	1	prott5_perm	0.0513	0.1815	3.5387	0.0775	0.0763	1.0155	633	19515
acetylation_k	rebuilt	replica	1	prott5_perm	0.1041	0.2084	2.0016	0.0749	0.0736	1.0180	211	7206
acetylation_k	rebuilt	rebuilt	2	esm2_perm	0.0391	0.1260	3.2198	0.0807	0.0999	0.8077	670	20306
acetylation_k	rebuilt	replica	2	esm2_perm	0.1089	0.2185	2.0063	0.0774	0.0929	0.8331	218	8054
acetylation_k	rebuilt	rebuilt	2	interaction_perm	0.0391	0.1221	3.1181	0.0807	0.0870	0.9272	670	20306
acetylation_k	rebuilt	replica	2	interaction_perm	0.1089	0.1813	1.6649	0.0774	0.0841	0.9204	218	8054
acetylation_k	rebuilt	rebuilt	2	prott5_perm	0.0391	0.1370	3.4987	0.0807	0.0946	0.8528	670	20306
acetylation_k	rebuilt	replica	2	prott5_perm	0.1089	0.2065	1.8957	0.0774	0.0898	0.8624	218	8054
acetylation_k	replica	rebuilt	0	esm2	0.0430	0.5890	13.6919	0.1087	0.0507	2.1424	662	19394
acetylation_k	replica	replica	0	esm2	0.1335	0.4818	3.6091	0.0995	0.0563	1.7684	204	6924
acetylation_k	replica	rebuilt	0	interaction	0.0430	0.5592	12.9985	0.1087	0.0366	2.9703	662	19394
acetylation_k	replica	replica	0	interaction	0.1335	0.5260	3.9404	0.0995	0.0504	1.9735	204	6924
acetylation_k	replica	rebuilt	0	prott5	0.0430	0.6230	14.4810	0.1087	0.0461	2.3578	662	19394
acetylation_k	replica	replica	0	prott5	0.1335	0.4972	3.7240	0.0995	0.0615	1.6192	204	6924
acetylation_k	replica	rebuilt	1	esm2	0.0733	0.5959	8.1253	0.0945	0.0425	2.2245	633	19515
acetylation_k	replica	replica	1	esm2	0.1047	0.5004	4.7798	0.0902	0.0520	1.7341	211	7206
acetylation_k	replica	rebuilt	1	interaction	0.0733	0.5817	7.9305	0.0945	0.0362	2.6122	633	19515
acetylation_k	replica	replica	1	interaction	0.1047	0.5537	5.2887	0.0902	0.0525	1.7183	211	7206
acetylation_k	replica	rebuilt	1	prott5	0.0733	0.6208	8.4636	0.0945	0.0410	2.3026	633	19515
acetylation_k	replica	replica	1	prott5	0.1047	0.4992	4.7679	0.0902	0.0567	1.5909	211	7206
acetylation_k	replica	rebuilt	2	esm2	0.0372	0.6475	17.4091	0.1032	0.0461	2.2403	670	20306
acetylation_k	replica	replica	2	esm2	0.1106	0.5319	4.8098	0.0976	0.0583	1.6731	218	8054
acetylation_k	replica	rebuilt	2	interaction	0.0372	0.5971	16.0528	0.1032	0.0393	2.6240	670	20306
acetylation_k	replica	replica	2	interaction	0.1106	0.5048	4.5643	0.0976	0.0554	1.7624	218	8054
acetylation_k	replica	rebuilt	2	prott5	0.0372	0.6942	18.6642	0.1032	0.0382	2.6976	670	20306
acetylation_k	replica	replica	2	prott5	0.1106	0.5520	4.9916	0.0976	0.0518	1.8821	218	8054
acetylation_k	replica	rebuilt	0	esm2_perm	0.0430	0.2981	6.9290	0.1087	0.0791	1.3746	662	19394
acetylation_k	replica	replica	0	esm2_perm	0.1335	0.3555	2.6630	0.0995	0.0703	1.4157	204	6924
acetylation_k	replica	rebuilt	0	interaction_perm	0.0430	0.3791	8.8131	0.1087	0.0576	1.8857	662	19394
acetylation_k	replica	replica	0	interaction_perm	0.1335	0.4512	3.3800	0.0995	0.0492	2.0224	204	6924
acetylation_k	replica	rebuilt	0	prott5_perm	0.0430	0.3540	8.2299	0.1087	0.0652	1.6665	662	19394
acetylation_k	replica	replica	0	prott5_perm	0.1335	0.4010	3.0036	0.0995	0.0550	1.8094	204	6924
acetylation_k	replica	rebuilt	1	esm2_perm	0.0733	0.3392	4.6248	0.0945	0.0755	1.2518	633	19515
acetylation_k	replica	replica	1	esm2_perm	0.1047	0.4444	4.2451	0.0902	0.0635	1.4208	211	7206
acetylation_k	replica	rebuilt	1	interaction_perm	0.0733	0.3520	4.7989	0.0945	0.0585	1.6164	633	19515
acetylation_k	replica	replica	1	interaction_perm	0.1047	0.3616	3.4538	0.0902	0.0627	1.4399	211	7206
acetylation_k	replica	rebuilt	1	prott5_perm	0.0733	0.3528	4.8099	0.0945	0.0619	1.5278	633	19515
acetylation_k	replica	replica	1	prott5_perm	0.1047	0.3654	3.4900	0.0902	0.0557	1.6208	211	7206
acetylation_k	replica	rebuilt	2	esm2_perm	0.0372	0.2826	7.5982	0.1032	0.0865	1.1927	670	20306
acetylation_k	replica	replica	2	esm2_perm	0.1106	0.2842	2.5700	0.0976	0.0791	1.2330	218	8054
acetylation_k	replica	rebuilt	2	interaction_perm	0.0372	0.4824	12.9692	0.1032	0.0416	2.4776	670	20306
acetylation_k	replica	replica	2	interaction_perm	0.1106	0.5307	4.7983	0.0976	0.0404	2.4177	218	8054
acetylation_k	replica	rebuilt	2	prott5_perm	0.0372	0.3390	9.1140	0.1032	0.0664	1.5529	670	20306
acetylation_k	replica	replica	2	prott5_perm	0.1106	0.3233	2.9236	0.0976	0.0578	1.6869	218	8054
glycosylation_n	rebuilt	rebuilt	0	esm2	0.0491	0.0586	1.1938	0.1331	0.1394	0.9544	267	4756
glycosylation_n	rebuilt	replica	0	esm2	0.4585	0.4935	1.0763	0.1063	0.1059	1.0041	44	793
glycosylation_n	rebuilt	rebuilt	0	interaction	0.0491	0.0543	1.1057	0.1331	0.1386	0.9598	267	4756
glycosylation_n	rebuilt	replica	0	interaction	0.4585	0.4617	1.0070	0.1063	0.1141	0.9314	44	793
glycosylation_n	rebuilt	rebuilt	0	prott5	0.0491	0.0689	1.4037	0.1331	0.1291	1.0304	267	4756
glycosylation_n	rebuilt	replica	0	prott5	0.4585	0.4840	1.0556	0.1063	0.1056	1.0068	44	793
glycosylation_n	rebuilt	rebuilt	1	esm2	0.0427	0.0642	1.5044	0.1385	0.1342	1.0319	276	4973
glycosylation_n	rebuilt	replica	1	esm2	0.3277	0.3516	1.0730	0.1068	0.1043	1.0248	45	2088
glycosylation_n	rebuilt	rebuilt	1	interaction	0.0427	0.0579	1.3559	0.1385	0.1398	0.9905	276	4973
glycosylation_n	rebuilt	replica	1	interaction	0.3277	0.3174	0.9684	0.1068	0.1167	0.9155	45	2088
glycosylation_n	rebuilt	rebuilt	1	prott5	0.0427	0.0621	1.4535	0.1385	0.1414	0.9792	276	4973
glycosylation_n	rebuilt	replica	1	prott5	0.3277	0.3510	1.0709	0.1068	0.1094	0.9763	45	2088
glycosylation_n	rebuilt	rebuilt	2	esm2	0.0640	0.0707	1.1049	0.1341	0.1385	0.9679	226	4128
glycosylation_n	rebuilt	replica	2	esm2	0.3084	0.3125	1.0133	0.1103	0.1167	0.9451	38	1620
glycosylation_n	rebuilt	rebuilt	2	interaction	0.0640	0.0617	0.9649	0.1341	0.1324	1.0124	226	4128
glycosylation_n	rebuilt	replica	2	interaction	0.3084	0.2953	0.9575	0.1103	0.1156	0.9544	38	1620
glycosylation_n	rebuilt	rebuilt	2	prott5	0.0640	0.0801	1.2521	0.1341	0.1274	1.0527	226	4128
glycosylation_n	rebuilt	replica	2	prott5	0.3084	0.3081	0.9991	0.1103	0.1118	0.9867	38	1620
glycosylation_n	rebuilt	rebuilt	0	esm2_perm	0.0491	0.0430	0.8758	0.1331	0.1365	0.9750	267	4756
glycosylation_n	rebuilt	replica	0	esm2_perm	0.4585	0.4774	1.0412	0.1063	0.1077	0.9868	44	793
glycosylation_n	rebuilt	rebuilt	0	interaction_perm	0.0491	0.0411	0.8386	0.1331	0.1337	0.9953	267	4756
glycosylation_n	rebuilt	replica	0	interaction_perm	0.4585	0.4847	1.0572	0.1063	0.0970	1.0959	44	793
glycosylation_n	rebuilt	rebuilt	0	prott5_perm	0.0491	0.0502	1.0226	0.1331	0.1416	0.9394	267	4756
glycosylation_n	rebuilt	replica	0	prott5_perm	0.4585	0.4780	1.0425	0.1063	0.1056	1.0068	44	793
glycosylation_n	rebuilt	rebuilt	1	esm2_perm	0.0427	0.0453	1.0608	0.1385	0.1459	0.9491	276	4973
glycosylation_n	rebuilt	replica	1	esm2_perm	0.3277	0.3277	0.9999	0.1068	0.1125	0.9492	45	2088
glycosylation_n	rebuilt	rebuilt	1	interaction_perm	0.0427	0.0435	1.0186	0.1385	0.1422	0.9735	276	4973
glycosylation_n	rebuilt	replica	1	interaction_perm	0.3277	0.3236	0.9874	0.1068	0.1086	0.9836	45	2088
glycosylation_n	rebuilt	rebuilt	1	prott5_perm	0.0427	0.0457	1.0703	0.1385	0.1433	0.9659	276	4973
glycosylation_n	rebuilt	replica	1	prott5_perm	0.3277	0.3165	0.9659	0.1068	0.1129	0.9460	45	2088
glycosylation_n	rebuilt	rebuilt	2	esm2_perm	0.0640	0.0591	0.9235	0.1341	0.1392	0.9634	226	4128
glycosylation_n	rebuilt	replica	2	esm2_perm	0.3084	0.3233	1.0484	0.1103	0.1118	0.9864	38	1620
glycosylation_n	rebuilt	rebuilt	2	interaction_perm	0.0640	0.0536	0.8377	0.1341	0.1369	0.9795	226	4128
glycosylation_n	rebuilt	replica	2	interaction_perm	0.3084	0.2963	0.9609	0.1103	0.1153	0.9561	38	1620
glycosylation_n	rebuilt	rebuilt	2	prott5_perm	0.0640	0.0609	0.9524	0.1341	0.1364	0.9828	226	4128
glycosylation_n	rebuilt	replica	2	prott5_perm	0.3084	0.3244	1.0518	0.1103	0.1085	1.0167	38	1620
glycosylation_n	replica	rebuilt	0	esm2	0.0475	0.3153	6.6403	0.1567	0.1121	1.3976	267	4756
glycosylation_n	replica	replica	0	esm2	0.4369	0.5306	1.2144	0.1239	0.0971	1.2754	44	793
glycosylation_n	replica	rebuilt	0	interaction	0.0475	0.4264	8.9819	0.1567	0.0955	1.6406	267	4756
glycosylation_n	replica	replica	0	interaction	0.4369	0.5608	1.2835	0.1239	0.0890	1.3911	44	793
glycosylation_n	replica	rebuilt	0	prott5	0.0475	0.5424	11.4243	0.1567	0.0679	2.3090	267	4756
glycosylation_n	replica	replica	0	prott5	0.4369	0.4473	1.0238	0.1239	0.1058	1.1713	44	793
glycosylation_n	replica	rebuilt	1	esm2	0.0473	0.3997	8.4499	0.1537	0.0995	1.5454	276	4973
glycosylation_n	replica	replica	1	esm2	0.3220	0.4068	1.2634	0.1169	0.0878	1.3308	45	2088
glycosylation_n	replica	rebuilt	1	interaction	0.0473	0.3157	6.6755	0.1537	0.1176	1.3072	276	4973
glycosylation_n	replica	replica	1	interaction	0.3220	0.4113	1.2773	0.1169	0.1116	1.0468	45	2088
glycosylation_n	replica	rebuilt	1	prott5	0.0473	0.5280	11.1627	0.1537	0.0818	1.8781	276	4973
glycosylation_n	replica	replica	1	prott5	0.3220	0.4641	1.4414	0.1169	0.0932	1.2541	45	2088
glycosylation_n	replica	rebuilt	2	esm2	0.0620	0.5365	8.6561	0.1553	0.0755	2.0563	226	4128
glycosylation_n	replica	replica	2	esm2	0.2964	0.3458	1.1665	0.1243	0.1158	1.0730	38	1620
glycosylation_n	replica	rebuilt	2	interaction	0.0620	0.4402	7.1027	0.1553	0.0945	1.6424	226	4128
glycosylation_n	replica	replica	2	interaction	0.2964	0.3504	1.1823	0.1243	0.1188	1.0457	38	1620
glycosylation_n	replica	rebuilt	2	prott5	0.0620	0.4845	7.8164	0.1553	0.0925	1.6782	226	4128
glycosylation_n	replica	replica	2	prott5	0.2964	0.3580	1.2079	0.1243	0.1124	1.1054	38	1620
glycosylation_n	replica	rebuilt	0	esm2_perm	0.0475	0.3563	7.5038	0.1567	0.1071	1.4636	267	4756
glycosylation_n	replica	replica	0	esm2_perm	0.4369	0.4096	0.9375	0.1239	0.0975	1.2699	44	793
glycosylation_n	replica	rebuilt	0	interaction_perm	0.0475	0.4309	9.0755	0.1567	0.1000	1.5665	267	4756
glycosylation_n	replica	replica	0	interaction_perm	0.4369	0.5181	1.1858	0.1239	0.1007	1.2301	44	793
glycosylation_n	replica	rebuilt	0	prott5_perm	0.0475	0.4335	9.1299	0.1567	0.0848	1.8473	267	4756
glycosylation_n	replica	replica	0	prott5_perm	0.4369	0.4806	1.1001	0.1239	0.0957	1.2944	44	793
glycosylation_n	replica	rebuilt	1	esm2_perm	0.0473	0.3859	8.1584	0.1537	0.1028	1.4949	276	4973
glycosylation_n	replica	replica	1	esm2_perm	0.3220	0.5276	1.6384	0.1169	0.0742	1.5748	45	2088
glycosylation_n	replica	rebuilt	1	interaction_perm	0.0473	0.4189	8.8576	0.1537	0.0948	1.6214	276	4973
glycosylation_n	replica	replica	1	interaction_perm	0.3220	0.5942	1.8453	0.1169	0.0751	1.5564	45	2088
glycosylation_n	replica	rebuilt	1	prott5_perm	0.0473	0.2816	5.9545	0.1537	0.1042	1.4751	276	4973
glycosylation_n	replica	replica	1	prott5_perm	0.3220	0.4044	1.2558	0.1169	0.0959	1.2186	45	2088
glycosylation_n	replica	rebuilt	2	esm2_perm	0.0620	0.3270	5.2755	0.1553	0.1144	1.3576	226	4128
glycosylation_n	replica	replica	2	esm2_perm	0.2964	0.3748	1.2644	0.1243	0.0978	1.2707	38	1620
glycosylation_n	replica	rebuilt	2	interaction_perm	0.0620	0.4973	8.0237	0.1553	0.0880	1.7642	226	4128
glycosylation_n	replica	replica	2	interaction_perm	0.2964	0.6158	2.0775	0.1243	0.0784	1.5845	38	1620
glycosylation_n	replica	rebuilt	2	prott5_perm	0.0620	0.3871	6.2456	0.1553	0.0998	1.5562	226	4128
glycosylation_n	replica	replica	2	prott5_perm	0.2964	0.4359	1.4706	0.1243	0.0850	1.4624	38	1620
methylation_k	rebuilt	rebuilt	0	esm2	0.1081	0.2680	2.4803	0.0572	0.0583	0.9797	547	9499
methylation_k	rebuilt	replica	0	esm2	0.1736	0.3644	2.0991	0.0576	0.0602	0.9569	76	4705
methylation_k	rebuilt	rebuilt	0	interaction	0.1081	0.2497	2.3105	0.0572	0.0580	0.9849	547	9499
methylation_k	rebuilt	replica	0	interaction	0.1736	0.3127	1.8012	0.0576	0.0613	0.9392	76	4705
methylation_k	rebuilt	rebuilt	0	prott5	0.1081	0.2749	2.5444	0.0572	0.0534	1.0701	547	9499
methylation_k	rebuilt	replica	0	prott5	0.1736	0.3664	2.1110	0.0576	0.0577	0.9987	76	4705
methylation_k	rebuilt	rebuilt	1	esm2	0.1051	0.2856	2.7165	0.0565	0.0478	1.1835	501	9122
methylation_k	rebuilt	replica	1	esm2	0.1985	0.3904	1.9672	0.0572	0.0504	1.1344	79	3032
methylation_k	rebuilt	rebuilt	1	interaction	0.1051	0.2614	2.4859	0.0565	0.0570	0.9912	501	9122
methylation_k	rebuilt	replica	1	interaction	0.1985	0.3599	1.8135	0.0572	0.0569	1.0039	79	3032
methylation_k	rebuilt	rebuilt	1	prott5	0.1051	0.2893	2.7514	0.0565	0.0490	1.1541	501	9122
methylation_k	rebuilt	replica	1	prott5	0.1985	0.4012	2.0214	0.0572	0.0525	1.0894	79	3032
methylation_k	rebuilt	rebuilt	2	esm2	0.1389	0.2796	2.0131	0.0520	0.0556	0.9348	535	9538
methylation_k	rebuilt	replica	2	esm2	0.2846	0.4084	1.4347	0.0509	0.0546	0.9324	82	3525
methylation_k	rebuilt	rebuilt	2	interaction	0.1389	0.2546	1.8332	0.0520	0.0521	0.9975	535	9538
methylation_k	rebuilt	replica	2	interaction	0.2846	0.3883	1.3641	0.0509	0.0505	1.0081	82	3525
methylation_k	rebuilt	rebuilt	2	prott5	0.1389	0.3508	2.5262	0.0520	0.0429	1.2128	535	9538
methylation_k	rebuilt	replica	2	prott5	0.2846	0.4769	1.6755	0.0509	0.0435	1.1702	82	3525
methylation_k	rebuilt	rebuilt	0	esm2_perm	0.1081	0.1362	1.2607	0.0572	0.0580	0.9863	547	9499
methylation_k	rebuilt	replica	0	esm2_perm	0.1736	0.2270	1.3076	0.0576	0.0579	0.9947	76	4705
methylation_k	rebuilt	rebuilt	0	interaction_perm	0.1081	0.1521	1.4074	0.0572	0.0591	0.9671	547	9499
methylation_k	rebuilt	replica	0	interaction_perm	0.1736	0.1633	0.9410	0.0576	0.0585	0.9851	76	4705
methylation_k	rebuilt	rebuilt	0	prott5_perm	0.1081	0.1678	1.5525	0.0572	0.0613	0.9324	547	9499
methylation_k	rebuilt	replica	0	prott5_perm	0.1736	0.2208	1.2720	0.0576	0.0640	0.8994	76	4705
methylation_k	rebuilt	rebuilt	1	esm2_perm	0.1051	0.1143	1.0876	0.0565	0.0560	1.0092	501	9122
methylation_k	rebuilt	replica	1	esm2_perm	0.1985	0.2032	1.0238	0.0572	0.0568	1.0054	79	3032
methylation_k	rebuilt	rebuilt	1	interaction_perm	0.1051	0.1499	1.4261	0.0565	0.0585	0.9664	501	9122
methylation_k	rebuilt	replica	1	interaction_perm	0.1985	0.2953	1.4879	0.0572	0.0551	1.0370	79	3032
methylation_k	rebuilt	rebuilt	1	prott5_perm	0.1051	0.1452	1.3812	0.0565	0.0531	1.0650	501	9122
methylation_k	rebuilt	replica	1	prott5_perm	0.1985	0.2309	1.1632	0.0572	0.0535	1.0682	79	3032
methylation_k	rebuilt	rebuilt	2	esm2_perm	0.1389	0.1530	1.1019	0.0520	0.0436	1.1921	535	9538
methylation_k	rebuilt	replica	2	esm2_perm	0.2846	0.2831	0.9946	0.0509	0.0438	1.1617	82	3525
methylation_k	rebuilt	rebuilt	2	interaction_perm	0.1389	0.1695	1.2204	0.0520	0.0596	0.8730	535	9538
methylation_k	rebuilt	replica	2	interaction_perm	0.2846	0.2930	1.0294	0.0509	0.0572	0.8902	82	3525
methylation_k	rebuilt	rebuilt	2	prott5_perm	0.1389	0.1727	1.2436	0.0520	0.0504	1.0324	535	9538
methylation_k	rebuilt	replica	2	prott5_perm	0.2846	0.3251	1.1420	0.0509	0.0477	1.0681	82	3525
methylation_k	replica	rebuilt	0	esm2	0.0938	0.8399	8.9513	0.0666	0.0109	6.1331	547	9499
methylation_k	replica	replica	0	esm2	0.1285	0.7694	5.9877	0.0699	0.0379	1.8430	76	4705
methylation_k	replica	rebuilt	0	interaction	0.0938	0.6776	7.2218	0.0666	0.0133	4.9862	547	9499
methylation_k	replica	replica	0	interaction	0.1285	0.6754	5.2565	0.0699	0.0215	3.2449	76	4705
methylation_k	replica	rebuilt	0	prott5	0.0938	0.8387	8.9382	0.0666	0.0101	6.5656	547	9499
methylation_k	replica	replica	0	prott5	0.1285	0.8596	6.6898	0.0699	0.0303	2.3095	76	4705
methylation_k	replica	rebuilt	1	esm2	0.1476	0.8990	6.0895	0.0498	0.0056	8.9264	501	9122
methylation_k	replica	replica	1	esm2	0.1718	0.8513	4.9546	0.0507	0.0207	2.4499	79	3032
methylation_k	replica	rebuilt	1	interaction	0.1476	0.8891	6.0224	0.0498	0.0067	7.3936	501	9122
methylation_k	replica	replica	1	interaction	0.1718	0.8263	4.8088	0.0507	0.0166	3.0597	79	3032
methylation_k	replica	rebuilt	1	prott5	0.1476	0.8561	5.7990	0.0498	0.0070	7.1563	501	9122
methylation_k	replica	replica	1	prott5	0.1718	0.8053	4.6866	0.0507	0.0251	2.0161	79	3032
methylation_k	replica	rebuilt	2	esm2	0.1006	0.8968	8.9123	0.0398	0.0045	8.7596	535	9538
methylation_k	replica	replica	2	esm2	0.1673	0.8641	5.1640	0.0366	0.0140	2.6162	82	3525
methylation_k	replica	rebuilt	2	interaction	0.1006	0.8433	8.3808	0.0398	0.0099	4.0323	535	9538
methylation_k	replica	replica	2	interaction	0.1673	0.8775	5.2436	0.0366	0.0190	1.9214	82	3525
methylation_k	replica	rebuilt	2	prott5	0.1006	0.9068	9.0123	0.0398	0.0063	6.2766	535	9538
methylation_k	replica	replica	2	prott5	0.1673	0.8550	5.1094	0.0366	0.0222	1.6453	82	3525
methylation_k	replica	rebuilt	0	esm2_perm	0.0938	0.7585	8.0836	0.0666	0.0037	18.1347	547	9499
methylation_k	replica	replica	0	esm2_perm	0.1285	0.6693	5.2086	0.0699	0.0080	8.7517	76	4705
methylation_k	replica	rebuilt	0	interaction_perm	0.0938	0.8962	9.5509	0.0666	0.0038	17.4523	547	9499
methylation_k	replica	replica	0	interaction_perm	0.1285	0.8574	6.6725	0.0699	0.0032	21.7593	76	4705
methylation_k	replica	rebuilt	0	prott5_perm	0.0938	0.8811	9.3898	0.0666	0.0023	29.0508	547	9499
methylation_k	replica	replica	0	prott5_perm	0.1285	0.7115	5.5371	0.0699	0.0018	39.7202	76	4705
methylation_k	replica	rebuilt	1	esm2_perm	0.1476	0.8842	5.9889	0.0498	0.0045	11.0954	501	9122
methylation_k	replica	replica	1	esm2_perm	0.1718	0.9733	5.6646	0.0507	0.0031	16.4798	79	3032
methylation_k	replica	rebuilt	1	interaction_perm	0.1476	0.8165	5.5303	0.0498	0.0073	6.8090	501	9122
methylation_k	replica	replica	1	interaction_perm	0.1718	0.8532	4.9658	0.0507	0.0017	29.3943	79	3032
methylation_k	replica	rebuilt	1	prott5_perm	0.1476	0.9142	6.1922	0.0498	0.0039	12.8925	501	9122
methylation_k	replica	replica	1	prott5_perm	0.1718	0.9851	5.7330	0.0507	0.0018	27.7103	79	3032
methylation_k	replica	rebuilt	2	esm2_perm	0.1006	0.9138	9.0816	0.0398	0.0046	8.5722	535	9538
methylation_k	replica	replica	2	esm2_perm	0.1673	0.9669	5.7781	0.0366	0.0028	13.0265	82	3525
methylation_k	replica	rebuilt	2	interaction_perm	0.1006	0.8667	8.6132	0.0398	0.0062	6.4584	535	9538
methylation_k	replica	replica	2	interaction_perm	0.1673	0.8962	5.3557	0.0366	0.0060	6.0873	82	3525
methylation_k	replica	rebuilt	2	prott5_perm	0.1006	0.9102	9.0460	0.0398	0.0022	18.3405	535	9538
methylation_k	replica	replica	2	prott5_perm	0.1673	0.7081	4.2317	0.0366	0.0008	46.0685	82	3525
methylation_r	rebuilt	rebuilt	0	esm2	0.1281	0.2509	1.9581	0.0602	0.0687	0.8771	348	5747
methylation_r	rebuilt	replica	0	esm2	0.2181	0.3870	1.7746	0.0657	0.0766	0.8575	48	2355
methylation_r	rebuilt	rebuilt	0	interaction	0.1281	0.2721	2.1236	0.0602	0.0589	1.0226	348	5747
methylation_r	rebuilt	replica	0	interaction	0.2181	0.3768	1.7281	0.0657	0.0613	1.0711	48	2355
methylation_r	rebuilt	rebuilt	0	prott5	0.1281	0.2822	2.2024	0.0602	0.0673	0.8954	348	5747
methylation_r	rebuilt	replica	0	prott5	0.2181	0.3976	1.8233	0.0657	0.0719	0.9143	48	2355
methylation_r	rebuilt	rebuilt	1	esm2	0.1417	0.2702	1.9071	0.0470	0.0651	0.7210	328	5575
methylation_r	rebuilt	replica	1	esm2	0.2446	0.4128	1.6877	0.0513	0.0684	0.7500	43	1332
methylation_r	rebuilt	rebuilt	1	interaction	0.1417	0.2802	1.9773	0.0470	0.0535	0.8778	328	5575
methylation_r	rebuilt	replica	1	interaction	0.2446	0.4650	1.9009	0.0513	0.0517	0.9925	43	1332
methylation_r	rebuilt	rebuilt	1	prott5	0.1417	0.3072	2.1679	0.0470	0.0593	0.7921	328	5575
methylation_r	rebuilt	replica	1	prott5	0.2446	0.4490	1.8357	0.0513	0.0667	0.7689	43	1332
methylation_r	rebuilt	rebuilt	2	esm2	0.1346	0.2791	2.0730	0.0625	0.0628	0.9943	341	5776
methylation_r	rebuilt	replica	2	esm2	0.3256	0.5303	1.6283	0.0581	0.0568	1.0219	44	1779
methylation_r	rebuilt	rebuilt	2	interaction	0.1346	0.2381	1.7689	0.0625	0.0758	0.8243	341	5776
methylation_r	rebuilt	replica	2	interaction	0.3256	0.3863	1.1863	0.0581	0.0737	0.7877	44	1779
methylation_r	rebuilt	rebuilt	2	prott5	0.1346	0.3019	2.2422	0.0625	0.0648	0.9650	341	5776
methylation_r	rebuilt	replica	2	prott5	0.3256	0.5232	1.6066	0.0581	0.0619	0.9389	44	1779
methylation_r	rebuilt	rebuilt	0	esm2_perm	0.1281	0.1625	1.2679	0.0602	0.0715	0.8427	348	5747
methylation_r	rebuilt	replica	0	esm2_perm	0.2181	0.2732	1.2530	0.0657	0.0755	0.8700	48	2355
methylation_r	rebuilt	rebuilt	0	interaction_perm	0.1281	0.1661	1.2959	0.0602	0.0699	0.8616	348	5747
methylation_r	rebuilt	replica	0	interaction_perm	0.2181	0.2545	1.1673	0.0657	0.0714	0.9196	48	2355
methylation_r	rebuilt	rebuilt	0	prott5_perm	0.1281	0.1599	1.2474	0.0602	0.0716	0.8417	348	5747
methylation_r	rebuilt	replica	0	prott5_perm	0.2181	0.2419	1.1095	0.0657	0.0771	0.8527	48	2355
methylation_r	rebuilt	rebuilt	1	esm2_perm	0.1417	0.1775	1.2527	0.0470	0.0399	1.1781	328	5575
methylation_r	rebuilt	replica	1	esm2_perm	0.2446	0.2633	1.0762	0.0513	0.0448	1.1451	43	1332
methylation_r	rebuilt	rebuilt	1	interaction_perm	0.1417	0.1820	1.2846	0.0470	0.0552	0.8504	328	5575
methylation_r	rebuilt	replica	1	interaction_perm	0.2446	0.2722	1.1128	0.0513	0.0574	0.8943	43	1332
methylation_r	rebuilt	rebuilt	1	prott5_perm	0.1417	0.1635	1.1539	0.0470	0.0546	0.8602	328	5575
methylation_r	rebuilt	replica	1	prott5_perm	0.2446	0.2519	1.0296	0.0513	0.0605	0.8486	43	1332
methylation_r	rebuilt	rebuilt	2	esm2_perm	0.1346	0.1690	1.2553	0.0625	0.0558	1.1207	341	5776
methylation_r	rebuilt	replica	2	esm2_perm	0.3256	0.3448	1.0587	0.0581	0.0524	1.1086	44	1779
methylation_r	rebuilt	rebuilt	2	interaction_perm	0.1346	0.1978	1.4694	0.0625	0.0641	0.9745	341	5776
methylation_r	rebuilt	replica	2	interaction_perm	0.3256	0.3957	1.2151	0.0581	0.0563	1.0327	44	1779
methylation_r	rebuilt	rebuilt	2	prott5_perm	0.1346	0.1689	1.2548	0.0625	0.0629	0.9932	341	5776
methylation_r	rebuilt	replica	2	prott5_perm	0.3256	0.3591	1.1028	0.0581	0.0564	1.0309	44	1779
methylation_r	replica	rebuilt	0	esm2	0.1373	0.8201	5.9744	0.0769	0.0155	4.9515	348	5747
methylation_r	replica	replica	0	esm2	0.1983	0.6865	3.4621	0.0776	0.0394	1.9696	48	2355
methylation_r	replica	rebuilt	0	interaction	0.1373	0.8283	6.0344	0.0769	0.0094	8.2096	348	5747
methylation_r	replica	replica	0	interaction	0.1983	0.7128	3.5948	0.0776	0.0161	4.8266	48	2355
methylation_r	replica	rebuilt	0	prott5	0.1373	0.8040	5.8571	0.0769	0.0181	4.2423	348	5747
methylation_r	replica	replica	0	prott5	0.1983	0.7831	3.9493	0.0776	0.0438	1.7693	48	2355
methylation_r	replica	rebuilt	1	esm2	0.1368	0.8844	6.4645	0.0597	0.0104	5.7329	328	5575
methylation_r	replica	replica	1	esm2	0.1890	0.7990	4.2276	0.0663	0.0267	2.4829	43	1332
methylation_r	replica	rebuilt	1	interaction	0.1368	0.8576	6.2684	0.0597	0.0108	5.5166	328	5575
methylation_r	replica	replica	1	interaction	0.1890	0.7211	3.8155	0.0663	0.0285	2.3277	43	1332
methylation_r	replica	rebuilt	1	prott5	0.1368	0.9005	6.5820	0.0597	0.0080	7.5083	328	5575
methylation_r	replica	replica	1	prott5	0.1890	0.8053	4.2608	0.0663	0.0216	3.0739	43	1332
methylation_r	replica	rebuilt	2	esm2	0.1280	0.8068	6.3021	0.0650	0.0120	5.4373	341	5776
methylation_r	replica	replica	2	esm2	0.2285	0.7206	3.1541	0.0583	0.0269	2.1691	44	1779
methylation_r	replica	rebuilt	2	interaction	0.1280	0.9246	7.2222	0.0650	0.0053	12.1739	341	5776
methylation_r	replica	replica	2	interaction	0.2285	0.9049	3.9608	0.0583	0.0116	5.0495	44	1779
methylation_r	replica	rebuilt	2	prott5	0.1280	0.9022	7.0477	0.0650	0.0087	7.4814	341	5776
methylation_r	replica	replica	2	prott5	0.2285	0.7672	3.3581	0.0583	0.0221	2.6339	44	1779
methylation_r	replica	rebuilt	0	esm2_perm	0.1373	0.7360	5.3617	0.0769	0.0097	7.9171	348	5747
methylation_r	replica	replica	0	esm2_perm	0.1983	0.6559	3.3077	0.0776	0.0232	3.3455	48	2355
methylation_r	replica	rebuilt	0	interaction_perm	0.1373	0.8144	5.9329	0.0769	0.0076	10.1789	348	5747
methylation_r	replica	replica	0	interaction_perm	0.1983	0.7124	3.5927	0.0776	0.0066	11.7269	48	2355
methylation_r	replica	rebuilt	0	prott5_perm	0.1373	0.8214	5.9840	0.0769	0.0070	10.9564	348	5747
methylation_r	replica	replica	0	prott5_perm	0.1983	0.5203	2.6242	0.0776	0.0072	10.8188	48	2355
methylation_r	replica	rebuilt	1	esm2_perm	0.1368	0.8173	5.9736	0.0597	0.0090	6.6566	328	5575
methylation_r	replica	replica	1	esm2_perm	0.1890	0.9433	4.9908	0.0663	0.0081	8.1841	43	1332
methylation_r	replica	rebuilt	1	interaction_perm	0.1368	0.7393	5.4034	0.0597	0.0153	3.8937	328	5575
methylation_r	replica	replica	1	interaction_perm	0.1890	0.6740	3.5660	0.0663	0.0102	6.5284	43	1332
methylation_r	replica	rebuilt	1	prott5_perm	0.1368	0.8085	5.9094	0.0597	0.0129	4.6168	328	5575
methylation_r	replica	replica	1	prott5_perm	0.1890	0.9735	5.1510	0.0663	0.0033	20.1244	43	1332
methylation_r	replica	rebuilt	2	esm2_perm	0.1280	0.8470	6.6161	0.0650	0.0079	8.2037	341	5776
methylation_r	replica	replica	2	esm2_perm	0.2285	0.9332	4.0846	0.0583	0.0057	10.2636	44	1779
methylation_r	replica	rebuilt	2	interaction_perm	0.1280	0.8875	6.9323	0.0650	0.0060	10.8584	341	5776
methylation_r	replica	replica	2	interaction_perm	0.2285	0.8521	3.7296	0.0583	0.0108	5.4082	44	1779
methylation_r	replica	rebuilt	2	prott5_perm	0.1280	0.7390	5.7729	0.0650	0.0099	6.5507	341	5776
methylation_r	replica	replica	2	prott5_perm	0.2285	0.7052	3.0868	0.0583	0.0090	6.4927	44	1779
phosphorylation_st	rebuilt	rebuilt	0	esm2	0.1328	0.2733	2.0584	0.0803	0.0756	1.0617	1340	109055
phosphorylation_st	rebuilt	replica	0	esm2	0.1190	0.2499	2.0998	0.0846	0.0844	1.0021	836	76333
phosphorylation_st	rebuilt	rebuilt	0	interaction	0.1328	0.2438	1.8358	0.0803	0.0773	1.0387	1340	109055
phosphorylation_st	rebuilt	replica	0	interaction	0.1190	0.2212	1.8590	0.0846	0.0854	0.9904	836	76333
phosphorylation_st	rebuilt	rebuilt	0	prott5	0.1328	0.2802	2.1100	0.0803	0.0759	1.0585	1340	109055
phosphorylation_st	rebuilt	replica	0	prott5	0.1190	0.2478	2.0822	0.0846	0.0858	0.9855	836	76333
phosphorylation_st	rebuilt	rebuilt	1	esm2	0.1745	0.3251	1.8630	0.0680	0.0682	0.9979	1249	104529
phosphorylation_st	rebuilt	replica	1	esm2	0.1571	0.2819	1.7948	0.0743	0.0801	0.9267	753	69206
phosphorylation_st	rebuilt	rebuilt	1	interaction	0.1745	0.3023	1.7320	0.0680	0.0719	0.9463	1249	104529
phosphorylation_st	rebuilt	replica	1	interaction	0.1571	0.2617	1.6663	0.0743	0.0831	0.8933	753	69206
phosphorylation_st	rebuilt	rebuilt	1	prott5	0.1745	0.3299	1.8904	0.0680	0.0685	0.9936	1249	104529
phosphorylation_st	rebuilt	replica	1	prott5	0.1571	0.2887	1.8385	0.0743	0.0808	0.9192	753	69206
phosphorylation_st	rebuilt	rebuilt	2	esm2	0.1357	0.2472	1.8224	0.0806	0.0791	1.0184	1327	108633
phosphorylation_st	rebuilt	replica	2	esm2	0.1368	0.2398	1.7523	0.0848	0.0880	0.9641	799	74595
phosphorylation_st	rebuilt	rebuilt	2	interaction	0.1357	0.2263	1.6685	0.0806	0.0789	1.0218	1327	108633
phosphorylation_st	rebuilt	replica	2	interaction	0.1368	0.2252	1.6458	0.0848	0.0855	0.9925	799	74595
phosphorylation_st	rebuilt	rebuilt	2	prott5	0.1357	0.2861	2.1092	0.0806	0.0725	1.1123	1327	108633
phosphorylation_st	rebuilt	replica	2	prott5	0.1368	0.2724	1.9908	0.0848	0.0811	1.0463	799	74595
phosphorylation_st	rebuilt	rebuilt	0	esm2_perm	0.1328	0.1853	1.3953	0.0803	0.0748	1.0734	1340	109055
phosphorylation_st	rebuilt	replica	0	esm2_perm	0.1190	0.1767	1.4852	0.0846	0.0788	1.0734	836	76333
phosphorylation_st	rebuilt	rebuilt	0	interaction_perm	0.1328	0.1851	1.3937	0.0803	0.0755	1.0632	1340	109055
phosphorylation_st	rebuilt	replica	0	interaction_perm	0.1190	0.1767	1.4854	0.0846	0.0796	1.0623	836	76333
phosphorylation_st	rebuilt	rebuilt	0	prott5_perm	0.1328	0.1839	1.3849	0.0803	0.0752	1.0680	1340	109055
phosphorylation_st	rebuilt	replica	0	prott5_perm	0.1190	0.1765	1.4832	0.0846	0.0796	1.0620	836	76333
phosphorylation_st	rebuilt	rebuilt	1	esm2_perm	0.1745	0.2037	1.1674	0.0680	0.0687	0.9902	1249	104529
phosphorylation_st	rebuilt	replica	1	esm2_perm	0.1571	0.1862	1.1857	0.0743	0.0750	0.9904	753	69206
phosphorylation_st	rebuilt	rebuilt	1	interaction_perm	0.1745	0.2049	1.1740	0.0680	0.0675	1.0084	1249	104529
phosphorylation_st	rebuilt	replica	1	interaction_perm	0.1571	0.1910	1.2161	0.0743	0.0734	1.0112	753	69206
phosphorylation_st	rebuilt	rebuilt	1	prott5_perm	0.1745	0.2131	1.2211	0.0680	0.0662	1.0279	1249	104529
phosphorylation_st	rebuilt	replica	1	prott5_perm	0.1571	0.2000	1.2737	0.0743	0.0725	1.0240	753	69206
phosphorylation_st	rebuilt	rebuilt	2	esm2_perm	0.1357	0.1593	1.1742	0.0806	0.0771	1.0458	1327	108633
phosphorylation_st	rebuilt	replica	2	esm2_perm	0.1368	0.1541	1.1258	0.0848	0.0811	1.0460	799	74595
phosphorylation_st	rebuilt	rebuilt	2	interaction_perm	0.1357	0.1756	1.2941	0.0806	0.0698	1.1544	1327	108633
phosphorylation_st	rebuilt	replica	2	interaction_perm	0.1368	0.1699	1.2412	0.0848	0.0736	1.1534	799	74595
phosphorylation_st	rebuilt	rebuilt	2	prott5_perm	0.1357	0.1705	1.2566	0.0806	0.0741	1.0874	1327	108633
phosphorylation_st	rebuilt	replica	2	prott5_perm	0.1368	0.1619	1.1833	0.0848	0.0775	1.0940	799	74595
phosphorylation_st	replica	rebuilt	0	esm2	0.1124	0.2847	2.5325	0.0816	0.0793	1.0286	1340	109055
phosphorylation_st	replica	replica	0	esm2	0.1099	0.2318	2.1098	0.0852	0.0819	1.0402	836	76333
phosphorylation_st	replica	rebuilt	0	interaction	0.1124	0.2335	2.0773	0.0816	0.0850	0.9606	1340	109055
phosphorylation_st	replica	replica	0	interaction	0.1099	0.2163	1.9690	0.0852	0.0877	0.9722	836	76333
phosphorylation_st	replica	rebuilt	0	prott5	0.1124	0.2941	2.6158	0.0816	0.0788	1.0361	1340	109055
phosphorylation_st	replica	replica	0	prott5	0.1099	0.2371	2.1580	0.0852	0.0817	1.0432	836	76333
phosphorylation_st	replica	rebuilt	1	esm2	0.1496	0.3549	2.3717	0.0720	0.0740	0.9724	1249	104529
phosphorylation_st	replica	replica	1	esm2	0.1405	0.2722	1.9376	0.0770	0.0765	1.0064	753	69206
phosphorylation_st	replica	rebuilt	1	interaction	0.1496	0.2539	1.6969	0.0720	0.0788	0.9142	1249	104529
phosphorylation_st	replica	replica	1	interaction	0.1405	0.2285	1.6260	0.0770	0.0831	0.9259	753	69206
phosphorylation_st	replica	rebuilt	1	prott5	0.1496	0.3511	2.3465	0.0720	0.0759	0.9485	1249	104529
phosphorylation_st	replica	replica	1	prott5	0.1405	0.2724	1.9385	0.0770	0.0781	0.9861	753	69206
phosphorylation_st	replica	rebuilt	2	esm2	0.1148	0.2702	2.3528	0.0757	0.0831	0.9113	1327	108633
phosphorylation_st	replica	replica	2	esm2	0.1227	0.2282	1.8600	0.0786	0.0854	0.9199	799	74595
phosphorylation_st	replica	rebuilt	2	interaction	0.1148	0.2119	1.8448	0.0757	0.0819	0.9243	1327	108633
phosphorylation_st	replica	replica	2	interaction	0.1227	0.2033	1.6575	0.0786	0.0839	0.9367	799	74595
phosphorylation_st	replica	rebuilt	2	prott5	0.1148	0.3146	2.7397	0.0757	0.0818	0.9257	1327	108633
phosphorylation_st	replica	replica	2	prott5	0.1227	0.2351	1.9167	0.0786	0.0852	0.9228	799	74595
phosphorylation_st	replica	rebuilt	0	esm2_perm	0.1124	0.1867	1.6607	0.0816	0.0808	1.0106	1340	109055
phosphorylation_st	replica	replica	0	esm2_perm	0.1099	0.1832	1.6678	0.0852	0.0833	1.0229	836	76333
phosphorylation_st	replica	rebuilt	0	interaction_perm	0.1124	0.1930	1.7164	0.0816	0.0794	1.0279	1340	109055
phosphorylation_st	replica	replica	0	interaction_perm	0.1099	0.1837	1.6724	0.0852	0.0816	1.0446	836	76333
phosphorylation_st	replica	rebuilt	0	prott5_perm	0.1124	0.1735	1.5430	0.0816	0.0743	1.0985	1340	109055
phosphorylation_st	replica	replica	0	prott5_perm	0.1099	0.1702	1.5494	0.0852	0.0770	1.1063	836	76333
phosphorylation_st	replica	rebuilt	1	esm2_perm	0.1496	0.1671	1.1165	0.0720	0.0791	0.9105	1249	104529
phosphorylation_st	replica	replica	1	esm2_perm	0.1405	0.1566	1.1143	0.0770	0.0837	0.9196	753	69206
phosphorylation_st	replica	rebuilt	1	interaction_perm	0.1496	0.2398	1.6024	0.0720	0.0734	0.9802	1249	104529
phosphorylation_st	replica	replica	1	interaction_perm	0.1405	0.2197	1.5639	0.0770	0.0778	0.9899	753	69206
phosphorylation_st	replica	rebuilt	1	prott5_perm	0.1496	0.1951	1.3042	0.0720	0.0738	0.9751	1249	104529
phosphorylation_st	replica	replica	1	prott5_perm	0.1405	0.1824	1.2984	0.0770	0.0784	0.9813	753	69206
phosphorylation_st	replica	rebuilt	2	esm2_perm	0.1148	0.1729	1.5055	0.0757	0.0781	0.9694	1327	108633
phosphorylation_st	replica	replica	2	esm2_perm	0.1227	0.1674	1.3647	0.0786	0.0806	0.9746	799	74595
phosphorylation_st	replica	rebuilt	2	interaction_perm	0.1148	0.1779	1.5491	0.0757	0.0736	1.0277	1327	108633
phosphorylation_st	replica	replica	2	interaction_perm	0.1227	0.1807	1.4733	0.0786	0.0758	1.0363	799	74595
phosphorylation_st	replica	rebuilt	2	prott5_perm	0.1148	0.1784	1.5533	0.0757	0.0795	0.9520	1327	108633
phosphorylation_st	replica	replica	2	prott5_perm	0.1227	0.1767	1.4404	0.0786	0.0827	0.9507	799	74595
phosphorylation_y	rebuilt	rebuilt	0	esm2	0.0996	0.3026	3.0372	0.0734	0.0578	1.2699	435	6821
phosphorylation_y	rebuilt	replica	0	esm2	0.1221	0.3174	2.5993	0.0711	0.0555	1.2792	483	6698
phosphorylation_y	rebuilt	rebuilt	0	interaction	0.0996	0.2108	2.1160	0.0734	0.0594	1.2369	435	6821
phosphorylation_y	rebuilt	replica	0	interaction	0.1221	0.2286	1.8716	0.0711	0.0577	1.2319	483	6698
phosphorylation_y	rebuilt	rebuilt	0	prott5	0.0996	0.2897	2.9076	0.0734	0.0618	1.1883	435	6821
phosphorylation_y	rebuilt	replica	0	prott5	0.1221	0.3057	2.5035	0.0711	0.0590	1.2035	483	6698
phosphorylation_y	rebuilt	rebuilt	1	esm2	0.1413	0.3337	2.3614	0.0610	0.0474	1.2874	410	6683
phosphorylation_y	rebuilt	replica	1	esm2	0.1206	0.3229	2.6772	0.0635	0.0481	1.3195	429	6219
phosphorylation_y	rebuilt	rebuilt	1	interaction	0.1413	0.2252	1.5935	0.0610	0.0697	0.8760	410	6683
phosphorylation_y	rebuilt	replica	1	interaction	0.1206	0.2181	1.8078	0.0635	0.0716	0.8870	429	6219
phosphorylation_y	rebuilt	rebuilt	1	prott5	0.1413	0.3010	2.1301	0.0610	0.0605	1.0084	410	6683
phosphorylation_y	rebuilt	replica	1	prott5	0.1206	0.2825	2.3417	0.0635	0.0621	1.0228	429	6219
phosphorylation_y	rebuilt	rebuilt	2	esm2	0.1319	0.2742	2.0785	0.0615	0.0692	0.8894	431	6911
phosphorylation_y	rebuilt	replica	2	esm2	0.1557	0.3008	1.9316	0.0603	0.0650	0.9275	447	6604
phosphorylation_y	rebuilt	rebuilt	2	interaction	0.1319	0.2289	1.7352	0.0615	0.0766	0.8026	431	6911
phosphorylation_y	rebuilt	replica	2	interaction	0.1557	0.2535	1.6279	0.0603	0.0724	0.8327	447	6604
phosphorylation_y	rebuilt	rebuilt	2	prott5	0.1319	0.2875	2.1794	0.0615	0.0594	1.0357	431	6911
phosphorylation_y	rebuilt	replica	2	prott5	0.1557	0.2982	1.9151	0.0603	0.0560	1.0770	447	6604
phosphorylation_y	rebuilt	rebuilt	0	esm2_perm	0.0996	0.1282	1.2866	0.0734	0.0653	1.1237	435	6821
phosphorylation_y	rebuilt	replica	0	esm2_perm	0.1221	0.1491	1.2210	0.0711	0.0639	1.1114	483	6698
phosphorylation_y	rebuilt	rebuilt	0	interaction_perm	0.0996	0.1758	1.7647	0.0734	0.0616	1.1911	435	6821
phosphorylation_y	rebuilt	replica	0	interaction_perm	0.1221	0.2083	1.7057	0.0711	0.0601	1.1826	483	6698
phosphorylation_y	rebuilt	rebuilt	0	prott5_perm	0.0996	0.1378	1.3831	0.0734	0.0509	1.4419	435	6821
phosphorylation_y	rebuilt	replica	0	prott5_perm	0.1221	0.1674	1.3706	0.0711	0.0494	1.4396	483	6698
phosphorylation_y	rebuilt	rebuilt	1	esm2_perm	0.1413	0.1700	1.2028	0.0610	0.0477	1.2798	410	6683
phosphorylation_y	rebuilt	replica	1	esm2_perm	0.1206	0.1464	1.2140	0.0635	0.0502	1.2654	429	6219
phosphorylation_y	rebuilt	rebuilt	1	interaction_perm	0.1413	0.1644	1.1631	0.0610	0.0583	1.0462	410	6683
phosphorylation_y	rebuilt	replica	1	interaction_perm	0.1206	0.1372	1.1372	0.0635	0.0620	1.0249	429	6219
phosphorylation_y	rebuilt	rebuilt	1	prott5_perm	0.1413	0.1565	1.1073	0.0610	0.0541	1.1293	410	6683
phosphorylation_y	rebuilt	replica	1	prott5_perm	0.1206	0.1368	1.1341	0.0635	0.0564	1.1266	429	6219
phosphorylation_y	rebuilt	rebuilt	2	esm2_perm	0.1319	0.1508	1.1433	0.0615	0.0610	1.0075	431	6911
phosphorylation_y	rebuilt	replica	2	esm2_perm	0.1557	0.1851	1.1887	0.0603	0.0600	1.0044	447	6604
phosphorylation_y	rebuilt	rebuilt	2	interaction_perm	0.1319	0.1696	1.2854	0.0615	0.0611	1.0068	431	6911
phosphorylation_y	rebuilt	replica	2	interaction_perm	0.1557	0.1979	1.2711	0.0603	0.0596	1.0112	447	6604
phosphorylation_y	rebuilt	rebuilt	2	prott5_perm	0.1319	0.1847	1.4001	0.0615	0.0545	1.1276	431	6911
phosphorylation_y	rebuilt	replica	2	prott5_perm	0.1557	0.2034	1.3063	0.0603	0.0543	1.1104	447	6604
phosphorylation_y	replica	rebuilt	0	esm2	0.1015	0.3960	3.9008	0.0580	0.0585	0.9902	435	6821
phosphorylation_y	replica	replica	0	esm2	0.1181	0.3856	3.2657	0.0564	0.0539	1.0450	483	6698
phosphorylation_y	replica	rebuilt	0	interaction	0.1015	0.3307	3.2577	0.0580	0.0455	1.2741	435	6821
phosphorylation_y	replica	replica	0	interaction	0.1181	0.3591	3.0408	0.0564	0.0428	1.3175	483	6698
phosphorylation_y	replica	rebuilt	0	prott5	0.1015	0.5107	5.0302	0.0580	0.0376	1.5425	435	6821
phosphorylation_y	replica	replica	0	prott5	0.1181	0.5046	4.2727	0.0564	0.0358	1.5752	483	6698
phosphorylation_y	replica	rebuilt	1	esm2	0.1475	0.3663	2.4841	0.0482	0.0656	0.7338	410	6683
phosphorylation_y	replica	replica	1	esm2	0.1347	0.3498	2.5971	0.0500	0.0644	0.7765	429	6219
phosphorylation_y	replica	rebuilt	1	interaction	0.1475	0.3399	2.3050	0.0482	0.0535	0.9005	410	6683
phosphorylation_y	replica	replica	1	interaction	0.1347	0.3444	2.5576	0.0500	0.0533	0.9382	429	6219
phosphorylation_y	replica	rebuilt	1	prott5	0.1475	0.5077	3.4428	0.0482	0.0455	1.0582	410	6683
phosphorylation_y	replica	replica	1	prott5	0.1347	0.4978	3.6965	0.0500	0.0445	1.1252	429	6219
phosphorylation_y	replica	rebuilt	2	esm2	0.1294	0.3786	2.9254	0.0563	0.0608	0.9261	431	6911
phosphorylation_y	replica	replica	2	esm2	0.1556	0.3854	2.4762	0.0550	0.0553	0.9952	447	6604
phosphorylation_y	replica	rebuilt	2	interaction	0.1294	0.3389	2.6183	0.0563	0.0612	0.9198	431	6911
phosphorylation_y	replica	replica	2	interaction	0.1556	0.3556	2.2847	0.0550	0.0558	0.9868	447	6604
phosphorylation_y	replica	rebuilt	2	prott5	0.1294	0.4102	3.1696	0.0563	0.0595	0.9462	431	6911
phosphorylation_y	replica	replica	2	prott5	0.1556	0.3849	2.4728	0.0550	0.0550	1.0000	447	6604
phosphorylation_y	replica	rebuilt	0	esm2_perm	0.1015	0.1492	1.4694	0.0580	0.0552	1.0500	435	6821
phosphorylation_y	replica	replica	0	esm2_perm	0.1181	0.1660	1.4058	0.0564	0.0539	1.0458	483	6698
phosphorylation_y	replica	rebuilt	0	interaction_perm	0.1015	0.1993	1.9636	0.0580	0.0540	1.0736	435	6821
phosphorylation_y	replica	replica	0	interaction_perm	0.1181	0.2326	1.9697	0.0564	0.0515	1.0939	483	6698
phosphorylation_y	replica	rebuilt	0	prott5_perm	0.1015	0.1512	1.4891	0.0580	0.0517	1.1204	435	6821
phosphorylation_y	replica	replica	0	prott5_perm	0.1181	0.1805	1.5289	0.0564	0.0507	1.1116	483	6698
phosphorylation_y	replica	rebuilt	1	esm2_perm	0.1475	0.1795	1.2176	0.0482	0.0606	0.7953	410	6683
phosphorylation_y	replica	replica	1	esm2_perm	0.1347	0.1687	1.2525	0.0500	0.0629	0.7956	429	6219
phosphorylation_y	replica	rebuilt	1	interaction_perm	0.1475	0.1852	1.2560	0.0482	0.0443	1.0880	410	6683
phosphorylation_y	replica	replica	1	interaction_perm	0.1347	0.1601	1.1890	0.0500	0.0467	1.0699	429	6219
phosphorylation_y	replica	rebuilt	1	prott5_perm	0.1475	0.1817	1.2323	0.0482	0.0482	0.9985	410	6683
phosphorylation_y	replica	replica	1	prott5_perm	0.1347	0.1751	1.3003	0.0500	0.0501	0.9989	429	6219
phosphorylation_y	replica	rebuilt	2	esm2_perm	0.1294	0.1603	1.2388	0.0563	0.0529	1.0646	431	6911
phosphorylation_y	replica	replica	2	esm2_perm	0.1556	0.2033	1.3063	0.0550	0.0511	1.0765	447	6604
phosphorylation_y	replica	rebuilt	2	interaction_perm	0.1294	0.2477	1.9143	0.0563	0.0694	0.8118	431	6911
phosphorylation_y	replica	replica	2	interaction_perm	0.1556	0.2556	1.6421	0.0550	0.0688	0.8001	447	6604
phosphorylation_y	replica	rebuilt	2	prott5_perm	0.1294	0.1429	1.1040	0.0563	0.0535	1.0523	431	6911
phosphorylation_y	replica	replica	2	prott5_perm	0.1556	0.1648	1.0585	0.0550	0.0528	1.0430	447	6604
sumoylation_k	rebuilt	rebuilt	0	esm2	0.0509	0.3390	6.6660	0.0647	0.0632	1.0238	623	21870
sumoylation_k	rebuilt	replica	0	esm2	0.0948	0.3670	3.8713	0.0645	0.0691	0.9339	239	8114
sumoylation_k	rebuilt	rebuilt	0	interaction	0.0509	0.2985	5.8705	0.0647	0.0726	0.8916	623	21870
sumoylation_k	rebuilt	replica	0	interaction	0.0948	0.3057	3.2245	0.0645	0.0786	0.8206	239	8114
sumoylation_k	rebuilt	rebuilt	0	prott5	0.0509	0.3170	6.2326	0.0647	0.0696	0.9294	623	21870
sumoylation_k	rebuilt	replica	0	prott5	0.0948	0.2691	2.8383	0.0645	0.0814	0.7929	239	8114
sumoylation_k	rebuilt	rebuilt	1	esm2	0.0586	0.3338	5.6984	0.0676	0.0574	1.1788	641	26373
sumoylation_k	rebuilt	replica	1	esm2	0.0855	0.2702	3.1601	0.0662	0.0652	1.0152	273	11060
sumoylation_k	rebuilt	rebuilt	1	interaction	0.0586	0.2501	4.2703	0.0676	0.0701	0.9650	641	26373
sumoylation_k	rebuilt	replica	1	interaction	0.0855	0.2368	2.7699	0.0662	0.0744	0.8896	273	11060
sumoylation_k	rebuilt	rebuilt	1	prott5	0.0586	0.4117	7.0285	0.0676	0.0489	1.3824	641	26373
sumoylation_k	rebuilt	replica	1	prott5	0.0855	0.3740	4.3743	0.0662	0.0548	1.2075	273	11060
sumoylation_k	rebuilt	rebuilt	2	esm2	0.0368	0.3821	10.3953	0.0626	0.0541	1.1573	598	22269
sumoylation_k	rebuilt	replica	2	esm2	0.0944	0.3151	3.3395	0.0605	0.0645	0.9377	220	7392
sumoylation_k	rebuilt	rebuilt	2	interaction	0.0368	0.2465	6.7070	0.0626	0.0726	0.8620	598	22269
sumoylation_k	rebuilt	replica	2	interaction	0.0944	0.2532	2.6833	0.0605	0.0779	0.7761	220	7392
sumoylation_k	rebuilt	rebuilt	2	prott5	0.0368	0.4304	11.7096	0.0626	0.0593	1.0555	598	22269
sumoylation_k	rebuilt	replica	2	prott5	0.0944	0.4057	4.2992	0.0605	0.0688	0.8796	220	7392
sumoylation_k	rebuilt	rebuilt	0	esm2_perm	0.0509	0.2198	4.3219	0.0647	0.0816	0.7931	623	21870
sumoylation_k	rebuilt	replica	0	esm2_perm	0.0948	0.2940	3.1006	0.0645	0.0768	0.8395	239	8114
sumoylation_k	rebuilt	rebuilt	0	interaction_perm	0.0509	0.1776	3.4921	0.0647	0.0999	0.6478	623	21870
sumoylation_k	rebuilt	replica	0	interaction_perm	0.0948	0.2314	2.4409	0.0645	0.0958	0.6730	239	8114
sumoylation_k	rebuilt	rebuilt	0	prott5_perm	0.0509	0.2278	4.4785	0.0647	0.0724	0.8941	623	21870
sumoylation_k	rebuilt	replica	0	prott5_perm	0.0948	0.2916	3.0757	0.0645	0.0687	0.9387	239	8114
sumoylation_k	rebuilt	rebuilt	1	esm2_perm	0.0586	0.2732	4.6637	0.0676	0.0665	1.0161	641	26373
sumoylation_k	rebuilt	replica	1	esm2_perm	0.0855	0.3273	3.8289	0.0662	0.0643	1.0292	273	11060
sumoylation_k	rebuilt	rebuilt	1	interaction_perm	0.0586	0.1784	3.0455	0.0676	0.0764	0.8846	641	26373
sumoylation_k	rebuilt	replica	1	interaction_perm	0.0855	0.2177	2.5469	0.0662	0.0763	0.8676	273	11060
sumoylation_k	rebuilt	rebuilt	1	prott5_perm	0.0586	0.2602	4.4426	0.0676	0.0743	0.9097	641	26373
sumoylation_k	rebuilt	replica	1	prott5_perm	0.0855	0.2929	3.4263	0.0662	0.0731	0.9062	273	11060
sumoylation_k	rebuilt	rebuilt	2	esm2_perm	0.0368	0.2161	5.8799	0.0626	0.0701	0.8925	598	22269
sumoylation_k	rebuilt	replica	2	esm2_perm	0.0944	0.2996	3.1743	0.0605	0.0666	0.9084	220	7392
sumoylation_k	rebuilt	rebuilt	2	interaction_perm	0.0368	0.2113	5.7491	0.0626	0.0792	0.7906	598	22269
sumoylation_k	rebuilt	replica	2	interaction_perm	0.0944	0.2407	2.5501	0.0605	0.0798	0.7583	220	7392
sumoylation_k	rebuilt	rebuilt	2	prott5_perm	0.0368	0.2118	5.7633	0.0626	0.0796	0.7867	598	22269
sumoylation_k	rebuilt	replica	2	prott5_perm	0.0944	0.2763	2.9275	0.0605	0.0757	0.7990	220	7392
sumoylation_k	replica	rebuilt	0	esm2	0.0579	0.4752	8.2076	0.0842	0.0545	1.5455	623	21870
sumoylation_k	replica	replica	0	esm2	0.1119	0.4445	3.9712	0.0826	0.0554	1.4917	239	8114
sumoylation_k	replica	rebuilt	0	interaction	0.0579	0.4130	7.1323	0.0842	0.0639	1.3170	623	21870
sumoylation_k	replica	replica	0	interaction	0.1119	0.4103	3.6660	0.0826	0.0693	1.1924	239	8114
sumoylation_k	replica	rebuilt	0	prott5	0.0579	0.4874	8.4182	0.0842	0.0544	1.5491	623	21870
sumoylation_k	replica	replica	0	prott5	0.1119	0.4369	3.9033	0.0826	0.0602	1.3731	239	8114
sumoylation_k	replica	rebuilt	1	esm2	0.0703	0.4997	7.1099	0.0772	0.0469	1.6459	641	26373
sumoylation_k	replica	replica	1	esm2	0.0982	0.3995	4.0670	0.0740	0.0490	1.5114	273	11060
sumoylation_k	replica	rebuilt	1	interaction	0.0703	0.4459	6.3445	0.0772	0.0613	1.2587	641	26373
sumoylation_k	replica	replica	1	interaction	0.0982	0.3367	3.4273	0.0740	0.0729	1.0145	273	11060
sumoylation_k	replica	rebuilt	1	prott5	0.0703	0.5256	7.4797	0.0772	0.0471	1.6379	641	26373
sumoylation_k	replica	replica	1	prott5	0.0982	0.4099	4.1725	0.0740	0.0488	1.5157	273	11060
sumoylation_k	replica	rebuilt	2	esm2	0.0482	0.4378	9.0873	0.0827	0.0700	1.1807	598	22269
sumoylation_k	replica	replica	2	esm2	0.1011	0.4263	4.2152	0.0793	0.0715	1.1099	220	7392
sumoylation_k	replica	rebuilt	2	interaction	0.0482	0.4122	8.5546	0.0827	0.0628	1.3169	598	22269
sumoylation_k	replica	replica	2	interaction	0.1011	0.3418	3.3794	0.0793	0.0724	1.0951	220	7392
sumoylation_k	replica	rebuilt	2	prott5	0.0482	0.4718	9.7921	0.0827	0.0527	1.5692	598	22269
sumoylation_k	replica	replica	2	prott5	0.1011	0.4677	4.6242	0.0793	0.0501	1.5819	220	7392
sumoylation_k	replica	rebuilt	0	esm2_perm	0.0579	0.2787	4.8126	0.0842	0.0701	1.2004	623	21870
sumoylation_k	replica	replica	0	esm2_perm	0.1119	0.3364	3.0056	0.0826	0.0675	1.2236	239	8114
sumoylation_k	replica	rebuilt	0	interaction_perm	0.0579	0.3210	5.5434	0.0842	0.0729	1.1546	623	21870
sumoylation_k	replica	replica	0	interaction_perm	0.1119	0.3201	2.8600	0.0826	0.0693	1.1920	239	8114
sumoylation_k	replica	rebuilt	0	prott5_perm	0.0579	0.2774	4.7905	0.0842	0.0845	0.9961	623	21870
sumoylation_k	replica	replica	0	prott5_perm	0.1119	0.2789	2.4920	0.0826	0.0791	1.0448	239	8114
sumoylation_k	replica	rebuilt	1	esm2_perm	0.0703	0.2805	3.9912	0.0772	0.0601	1.2832	641	26373
sumoylation_k	replica	replica	1	esm2_perm	0.0982	0.3208	3.2656	0.0740	0.0582	1.2714	273	11060
sumoylation_k	replica	rebuilt	1	interaction_perm	0.0703	0.3125	4.4470	0.0772	0.0771	1.0013	641	26373
sumoylation_k	replica	replica	1	interaction_perm	0.0982	0.2961	3.0143	0.0740	0.0773	0.9567	273	11060
sumoylation_k	replica	rebuilt	1	prott5_perm	0.0703	0.3169	4.5087	0.0772	0.0857	0.9001	641	26373
sumoylation_k	replica	replica	1	prott5_perm	0.0982	0.3162	3.2191	0.0740	0.0839	0.8819	273	11060
sumoylation_k	replica	rebuilt	2	esm2_perm	0.0482	0.2533	5.2582	0.0827	0.0786	1.0519	598	22269
sumoylation_k	replica	replica	2	esm2_perm	0.1011	0.2748	2.7170	0.0793	0.0750	1.0574	220	7392
sumoylation_k	replica	rebuilt	2	interaction_perm	0.0482	0.3082	6.3975	0.0827	0.0691	1.1974	598	22269
sumoylation_k	replica	replica	2	interaction_perm	0.1011	0.3185	3.1495	0.0793	0.0638	1.2442	220	7392
sumoylation_k	replica	rebuilt	2	prott5_perm	0.0482	0.2974	6.1732	0.0827	0.0614	1.3473	598	22269
sumoylation_k	replica	replica	2	prott5_perm	0.1011	0.2998	2.9646	0.0793	0.0590	1.3436	220	7392
ubiquitination_k	rebuilt	rebuilt	0	esm2	0.0647	0.3178	4.9130	0.0587	0.0559	1.0494	1180	45868
ubiquitination_k	rebuilt	replica	0	esm2	0.0884	0.3322	3.7595	0.0556	0.0567	0.9809	671	23390
ubiquitination_k	rebuilt	rebuilt	0	interaction	0.0647	0.2335	3.6096	0.0587	0.0789	0.7439	1180	45868
ubiquitination_k	rebuilt	replica	0	interaction	0.0884	0.2178	2.4648	0.0556	0.0808	0.6883	671	23390
ubiquitination_k	rebuilt	rebuilt	0	prott5	0.0647	0.3317	5.1285	0.0587	0.0717	0.8189	1180	45868
ubiquitination_k	rebuilt	replica	0	prott5	0.0884	0.3441	3.8939	0.0556	0.0732	0.7597	671	23390
ubiquitination_k	rebuilt	rebuilt	1	esm2	0.1118	0.3398	3.0382	0.0673	0.0672	1.0008	1096	46367
ubiquitination_k	rebuilt	replica	1	esm2	0.1013	0.3322	3.2779	0.0668	0.0722	0.9252	619	22112
ubiquitination_k	rebuilt	rebuilt	1	interaction	0.1118	0.3012	2.6936	0.0673	0.0712	0.9446	1096	46367
ubiquitination_k	rebuilt	replica	1	interaction	0.1013	0.2808	2.7711	0.0668	0.0755	0.8854	619	22112
ubiquitination_k	rebuilt	rebuilt	1	prott5	0.1118	0.4025	3.5996	0.0673	0.0583	1.1532	1096	46367
ubiquitination_k	rebuilt	replica	1	prott5	0.1013	0.3965	3.9126	0.0668	0.0634	1.0546	619	22112
ubiquitination_k	rebuilt	rebuilt	2	esm2	0.0518	0.3369	6.5106	0.0712	0.0628	1.1336	1137	45756
ubiquitination_k	rebuilt	replica	2	esm2	0.0761	0.3419	4.4919	0.0685	0.0659	1.0390	650	23702
ubiquitination_k	rebuilt	rebuilt	2	interaction	0.0518	0.2586	4.9963	0.0712	0.0755	0.9432	1137	45756
ubiquitination_k	rebuilt	replica	2	interaction	0.0761	0.2465	3.2390	0.0685	0.0771	0.8885	650	23702
ubiquitination_k	rebuilt	rebuilt	2	prott5	0.0518	0.3293	6.3638	0.0712	0.0670	1.0628	1137	45756
ubiquitination_k	rebuilt	replica	2	prott5	0.0761	0.3301	4.3373	0.0685	0.0714	0.9589	650	23702
ubiquitination_k	rebuilt	rebuilt	0	esm2_perm	0.0647	0.1499	2.3178	0.0587	0.0664	0.8837	1180	45868
ubiquitination_k	rebuilt	replica	0	esm2_perm	0.0884	0.1781	2.0151	0.0556	0.0632	0.8794	671	23390
ubiquitination_k	rebuilt	rebuilt	0	interaction_perm	0.0647	0.1973	3.0498	0.0587	0.0839	0.6999	1180	45868
ubiquitination_k	rebuilt	replica	0	interaction_perm	0.0884	0.2314	2.6181	0.0556	0.0809	0.6871	671	23390
ubiquitination_k	rebuilt	rebuilt	0	prott5_perm	0.0647	0.1571	2.4287	0.0587	0.0698	0.8411	1180	45868
ubiquitination_k	rebuilt	replica	0	prott5_perm	0.0884	0.1741	1.9701	0.0556	0.0671	0.8281	671	23390
ubiquitination_k	rebuilt	rebuilt	1	esm2_perm	0.1118	0.2057	1.8391	0.0673	0.0606	1.1105	1096	46367
ubiquitination_k	rebuilt	replica	1	esm2_perm	0.1013	0.2178	2.1490	0.0668	0.0598	1.1187	619	22112
ubiquitination_k	rebuilt	rebuilt	1	interaction_perm	0.1118	0.2127	1.9024	0.0673	0.0748	0.8995	1096	46367
ubiquitination_k	rebuilt	replica	1	interaction_perm	0.1013	0.2193	2.1646	0.0668	0.0751	0.8895	619	22112
ubiquitination_k	rebuilt	rebuilt	1	prott5_perm	0.1118	0.2302	2.0581	0.0673	0.0758	0.8880	1096	46367
ubiquitination_k	rebuilt	replica	1	prott5_perm	0.1013	0.2386	2.3551	0.0668	0.0747	0.8953	619	22112
ubiquitination_k	rebuilt	rebuilt	2	esm2_perm	0.0518	0.1525	2.9462	0.0712	0.0647	1.0998	1137	45756
ubiquitination_k	rebuilt	replica	2	esm2_perm	0.0761	0.1706	2.2415	0.0685	0.0624	1.0965	650	23702
ubiquitination_k	rebuilt	rebuilt	2	interaction_perm	0.0518	0.2060	3.9808	0.0712	0.0763	0.9324	1137	45756
ubiquitination_k	rebuilt	replica	2	interaction_perm	0.0761	0.2459	3.2305	0.0685	0.0728	0.9410	650	23702
ubiquitination_k	rebuilt	rebuilt	2	prott5_perm	0.0518	0.2058	3.9776	0.0712	0.0645	1.1034	1137	45756
ubiquitination_k	rebuilt	replica	2	prott5_perm	0.0761	0.2347	3.0839	0.0685	0.0623	1.0982	650	23702
ubiquitination_k	replica	rebuilt	0	esm2	0.0467	0.3602	7.7094	0.0808	0.0739	1.0935	1180	45868
ubiquitination_k	replica	replica	0	esm2	0.0846	0.3738	4.4169	0.0774	0.0697	1.1110	671	23390
ubiquitination_k	replica	rebuilt	0	interaction	0.0467	0.2238	4.7890	0.0808	0.0723	1.1178	1180	45868
ubiquitination_k	replica	replica	0	interaction	0.0846	0.2602	3.0745	0.0774	0.0672	1.1517	671	23390
ubiquitination_k	replica	rebuilt	0	prott5	0.0467	0.3586	7.6754	0.0808	0.0750	1.0777	1180	45868
ubiquitination_k	replica	replica	0	prott5	0.0846	0.3598	4.2519	0.0774	0.0718	1.0790	671	23390
ubiquitination_k	replica	rebuilt	1	esm2	0.0468	0.3352	7.1563	0.0825	0.0785	1.0506	1096	46367
ubiquitination_k	replica	replica	1	esm2	0.0892	0.3545	3.9736	0.0805	0.0763	1.0550	619	22112
ubiquitination_k	replica	rebuilt	1	interaction	0.0468	0.2555	5.4557	0.0825	0.0692	1.1925	1096	46367
ubiquitination_k	replica	replica	1	interaction	0.0892	0.2824	3.1649	0.0805	0.0669	1.2026	619	22112
ubiquitination_k	replica	rebuilt	1	prott5	0.0468	0.3548	7.5746	0.0825	0.0670	1.2306	1096	46367
ubiquitination_k	replica	replica	1	prott5	0.0892	0.3869	4.3369	0.0805	0.0648	1.2417	619	22112
ubiquitination_k	replica	rebuilt	2	esm2	0.0480	0.3161	6.5818	0.0831	0.0776	1.0708	1137	45756
ubiquitination_k	replica	replica	2	esm2	0.0863	0.3225	3.7360	0.0801	0.0746	1.0735	650	23702
ubiquitination_k	replica	rebuilt	2	interaction	0.0480	0.2176	4.5297	0.0831	0.0655	1.2697	1137	45756
ubiquitination_k	replica	replica	2	interaction	0.0863	0.2365	2.7401	0.0801	0.0623	1.2861	650	23702
ubiquitination_k	replica	rebuilt	2	prott5	0.0480	0.3757	7.8217	0.0831	0.0775	1.0721	1137	45756
ubiquitination_k	replica	replica	2	prott5	0.0863	0.3550	4.1131	0.0801	0.0764	1.0476	650	23702
ubiquitination_k	replica	rebuilt	0	esm2_perm	0.0467	0.1221	2.6133	0.0808	0.0741	1.0903	1180	45868
ubiquitination_k	replica	replica	0	esm2_perm	0.0846	0.1538	1.8180	0.0774	0.0703	1.1015	671	23390
ubiquitination_k	replica	rebuilt	0	interaction_perm	0.0467	0.1787	3.8245	0.0808	0.0693	1.1653	1180	45868
ubiquitination_k	replica	replica	0	interaction_perm	0.0846	0.2039	2.4100	0.0774	0.0652	1.1884	671	23390
ubiquitination_k	replica	rebuilt	0	prott5_perm	0.0467	0.1514	3.2402	0.0808	0.0574	1.4086	1180	45868
ubiquitination_k	replica	replica	0	prott5_perm	0.0846	0.1873	2.2138	0.0774	0.0541	1.4300	671	23390
ubiquitination_k	replica	rebuilt	1	esm2_perm	0.0468	0.1825	3.8971	0.0825	0.0906	0.9102	1096	46367
ubiquitination_k	replica	replica	1	esm2_perm	0.0892	0.2038	2.2848	0.0805	0.0880	0.9146	619	22112
ubiquitination_k	replica	rebuilt	1	interaction_perm	0.0468	0.1962	4.1888	0.0825	0.0872	0.9459	1096	46367
ubiquitination_k	replica	replica	1	interaction_perm	0.0892	0.1948	2.1840	0.0805	0.0862	0.9337	619	22112
ubiquitination_k	replica	rebuilt	1	prott5_perm	0.0468	0.1700	3.6307	0.0825	0.0815	1.0117	1096	46367
ubiquitination_k	replica	replica	1	prott5_perm	0.0892	0.1931	2.1640	0.0805	0.0797	1.0104	619	22112
ubiquitination_k	replica	rebuilt	2	esm2_perm	0.0480	0.1969	4.1003	0.0831	0.0715	1.1634	1137	45756
ubiquitination_k	replica	replica	2	esm2_perm	0.0863	0.2243	2.5987	0.0801	0.0683	1.1717	650	23702
ubiquitination_k	replica	rebuilt	2	interaction_perm	0.0480	0.1798	3.7429	0.0831	0.0854	0.9733	1137	45756
ubiquitination_k	replica	replica	2	interaction_perm	0.0863	0.1939	2.2462	0.0801	0.0819	0.9780	650	23702
ubiquitination_k	replica	rebuilt	2	prott5_perm	0.0480	0.2020	4.2045	0.0831	0.0812	1.0242	1137	45756
ubiquitination_k	replica	replica	2	prott5_perm	0.0863	0.2123	2.4598	0.0801	0.0771	1.0381	650	23702
